YEAR_MONTH,SIDO,TARGET_COUNT,RESTAURANT_DENSITY,VIOLATION_RATE,CPI_TOTAL,THI,RATE_SCORE,CPI_PRESSURE_SCORE,CLIMATE_LOAD_SCORE,INSPECTION_PRIORITY_SCORE,TARGET
2025-08,세종특별자치시,11.0,4829,2.277904328018223,116.45,78.49616926828206,99.74424552429667,63.171355498721226,93.60613810741688,91.8158567774936,1
2026-03,충청남도,63.0,42097,1.4965436967004777,118.8,48.01873224613504,98.9769820971867,97.9539641943734,28.388746803069054,91.71355498721226,1
2025-07,전북특별자치도,37.0,31373,1.1793580467280784,116.52,77.75407159005208,98.72122762148338,67.51918158567774,89.25831202046037,91.53452685421995,1
2025-08,전북특별자치도,34.0,31373,1.0837344213176936,116.45,78.49616926828206,98.20971867007673,63.171355498721226,93.60613810741688,90.74168797953962,1
2026-03,부산광역시,33.0,55922,0.5901076499409893,118.8,48.01873224613504,97.18670076726342,97.9539641943734,28.388746803069054,90.46035805626596,1
2026-03,대구광역시,22.0,37976,0.5793132504739836,118.8,48.01873224613504,96.67519181585678,97.9539641943734,28.388746803069054,90.10230179028132,1
2026-03,울산광역시,8.0,19964,0.4007212983370066,118.8,48.01873224613504,93.35038363171356,97.9539641943734,28.388746803069054,87.77493606138107,1
2026-02,대구광역시,16.0,37976,0.4213187276174426,118.4,42.12641637472754,94.37340153452686,93.60613810741688,24.04092071611253,87.18670076726345,1
2025-12,광주광역시,15.0,22065,0.6798096532970768,117.57,41.42148908059404,97.44245524296676,84.91048593350384,19.69309462915601,87.1611253196931,1
2025-06,광주광역시,24.0,22065,1.087695445275323,116.31,70.97058460731459,98.46547314578005,54.47570332480819,71.86700767263427,87.0076726342711,1
2025-09,충청북도,12.0,31440,0.381679389312977,117.06,72.26859651924399,92.8388746803069,71.86700767263427,76.21483375959079,86.98209718670076,1
2025-07,부산광역시,20.0,55922,0.3576409999642359,116.52,77.75407159005208,92.07161125319693,67.51918158567774,89.25831202046037,86.87979539641944,1
2026-01,부산광역시,55.0,55922,0.9835127499016488,118.03,37.281032920297086,97.69820971867009,89.25831202046037,2.3017902813299234,86.47058823529412,1
2025-12,전북특별자치도,18.0,31373,0.5737417524623084,117.57,41.42148908059404,96.41943734015345,84.91048593350384,19.69309462915601,86.44501278772378,1
2025-11,광주광역시,11.0,22065,0.498527079084523,117.2,49.88159018896363,95.65217391304348,76.21483375959079,37.084398976982094,85.90792838874681,1
2025-12,세종특별자치시,2.0,4829,0.4141644232760406,117.57,41.42148908059404,93.86189258312021,84.91048593350384,19.69309462915601,84.65473145780052,1
2025-05,전북특별자치도,67.0,31373,2.1355943008319254,116.27,61.52183005617762,99.48849104859335,45.78005115089514,54.47570332480819,84.24552429667519,1
2025-11,대구광역시,15.0,37976,0.3949863071413524,117.2,49.88159018896363,93.09462915601023,76.21483375959079,37.084398976982094,84.11764705882354,1
2026-03,대전광역시,6.0,23164,0.2590226213089276,118.8,48.01873224613504,87.59590792838875,97.9539641943734,28.388746803069054,83.74680306905371,1
2025-07,경기도,47.0,183285,0.2564312409635267,116.52,77.75407159005208,87.0843989769821,67.51918158567774,89.25831202046037,83.38874680306905,1
2025-09,강원특별자치도,11.0,43926,0.2504211628648181,117.06,72.26859651924399,86.18925831202046,71.86700767263427,76.21483375959079,82.32736572890025,1
2025-04,세종특별자치시,2.0,4829,0.4141644232760406,116.38,56.031464941879086,93.86189258312021,58.82352941176471,45.78005115089514,82.0460358056266,1
2025-06,울산광역시,7.0,19964,0.3506311360448808,116.31,70.97058460731459,91.30434782608695,54.47570332480819,71.86700767263427,81.99488491048592,1
2025-03,충청남도,45.0,42097,1.068959783357484,116.29,48.30477583011704,97.9539641943734,50.127877237851656,32.73657289002558,81.86700767263426,1
2024-08,광주광역시,13.0,22065,0.5891683661907999,114.54,79.53516619543673,96.9309462915601,19.69309462915601,97.9539641943734,81.58567774936061,1
2025-06,대전광역시,7.0,23164,0.3021930581937489,116.31,70.97058460731459,89.769820971867,54.47570332480819,71.86700767263427,80.92071611253198,1
2026-03,세종특별자치시,1.0,4829,0.2070822116380203,118.8,48.01873224613504,83.50383631713555,97.9539641943734,28.388746803069054,80.88235294117646,1
2025-04,경기도,65.0,183285,0.3546389502687072,116.38,56.031464941879086,91.56010230179028,58.82352941176471,45.78005115089514,80.43478260869564,1
2025-06,경기도,49.0,183285,0.2673432086641023,116.31,70.97058460731459,88.49104859335038,54.47570332480819,71.86700767263427,80.02557544757033,1
2025-12,부산광역시,14.0,55922,0.2503486999749651,117.57,41.42148908059404,85.93350383631714,84.91048593350384,19.69309462915601,79.10485933503837,1
2026-03,광주광역시,4.0,22065,0.1812825742125538,118.8,48.01873224613504,80.81841432225065,97.9539641943734,28.388746803069054,79.00255754475702,1
2026-01,경상북도,14.0,54980,0.2546380502000727,118.03,37.281032920297086,86.70076726342711,89.25831202046037,2.3017902813299234,78.77237851662404,1
2025-09,광주광역시,4.0,22065,0.1812825742125538,117.06,72.26859651924399,80.81841432225065,71.86700767263427,76.21483375959079,78.56777493606138,1
2025-03,경상남도,25.0,67454,0.3706229430426661,116.29,48.30477583011704,92.58312020460357,50.127877237851656,32.73657289002558,78.1074168797954,1
2025-07,제주특별자치도,4.0,24251,0.1649416518906437,116.52,77.75407159005208,79.53964194373401,67.51918158567774,89.25831202046037,78.1074168797954,0
2024-07,광주광역시,12.0,22065,0.5438477226376615,114.13,77.3364558671032,95.9079283887468,10.997442455242968,84.91048593350384,77.82608695652173,1
2024-09,광주광역시,8.0,22065,0.3625651484251076,114.65,74.58121856449478,92.32736572890026,24.04092071611253,80.56265984654732,77.49360613810741,1
2026-03,전북특별자치도,5.0,31373,0.1593727090173078,118.8,48.01873224613504,78.51662404092072,97.9539641943734,28.388746803069054,77.39130434782608,0
2024-08,경기도,63.0,183285,0.3437269825681316,114.54,79.53516619543673,90.7928388746803,19.69309462915601,97.9539641943734,77.28900255754475,1
2024-11,전북특별자치도,153.0,31373,4.87680489592962,114.4,51.50983011087168,100.0,15.34526854219949,41.432225063938624,77.21227621483376,1
2024-07,경기도,80.0,183285,0.4364787080230242,114.13,77.3364558671032,94.8849104859335,10.997442455242968,84.91048593350384,77.10997442455243,1
2026-02,대전광역시,4.0,23164,0.1726817475392851,118.4,42.12641637472754,79.923273657289,93.60613810741688,24.04092071611253,77.07161125319693,1
2025-04,울산광역시,5.0,19964,0.2504508114606291,116.38,56.031464941879086,86.44501278772378,58.82352941176471,45.78005115089514,76.85421994884909,1
2025-06,부산광역시,12.0,55922,0.2145845999785415,116.31,70.97058460731459,83.88746803069054,54.47570332480819,71.86700767263427,76.80306905370844,1
2025-07,대구광역시,6.0,37976,0.1579945228565409,116.52,77.75407159005208,77.62148337595907,67.51918158567774,89.25831202046037,76.76470588235294,0
2025-02,부산광역시,32.0,55922,0.5722255999427774,116.08,38.141470081779424,96.16368286445012,41.432225063938624,10.997442455242968,76.7007672634271,1
2024-11,인천광역시,76.0,41726,1.8214063174040167,114.4,51.50983011087168,99.23273657289002,15.34526854219949,41.432225063938624,76.67519181585678,1
2025-10,대구광역시,6.0,37976,0.1579945228565409,117.42,62.1988525681886,77.62148337595907,80.56265984654732,58.82352941176471,76.32992327365727,0
2025-03,전북특별자치도,10.0,31373,0.3187454180346157,116.29,48.30477583011704,90.02557544757033,50.127877237851656,32.73657289002558,76.31713554987212,1
2026-03,경기도,27.0,183285,0.1473115639577706,118.8,48.01873224613504,76.47058823529412,97.9539641943734,28.388746803069054,75.95907928388746,0
2026-01,울산광역시,4.0,19964,0.2003606491685033,118.03,37.281032920297086,82.6086956521739,89.25831202046037,2.3017902813299234,75.9079283887468,1
2025-02,인천광역시,18.0,41726,0.4313857067535829,116.08,38.141470081779424,94.62915601023018,41.432225063938624,10.997442455242968,75.62659846547314,1
2025-04,부산광역시,13.0,55922,0.2324666499767533,116.38,56.031464941879086,84.65473145780051,58.82352941176471,45.78005115089514,75.6010230179028,1
2025-05,경기도,47.0,183285,0.2564312409635267,116.27,61.52183005617762,87.0843989769821,45.78005115089514,54.47570332480819,75.56265984654732,1
2025-02,세종특별자치시,2.0,4829,0.4141644232760406,116.08,38.141470081779424,93.86189258312021,41.432225063938624,10.997442455242968,75.08951406649616,1
2025-12,대전광역시,4.0,23164,0.1726817475392851,117.57,41.42148908059404,79.923273657289,84.91048593350384,19.69309462915601,74.89769820971867,1
2025-03,대구광역시,10.0,37976,0.2633242047609015,116.29,48.30477583011704,87.97953964194375,50.127877237851656,32.73657289002558,74.88491048593352,1
2025-01,충청남도,20.0,42097,0.4750932370477706,115.71,37.60077504162818,95.39641943734016,37.084398976982094,6.649616368286446,74.85933503836318,1
2026-01,광주광역시,4.0,22065,0.1812825742125538,118.03,37.281032920297086,80.81841432225065,89.25831202046037,2.3017902813299234,74.65473145780052,1
2025-10,전라남도,5.0,37127,0.134672879575511,117.42,62.1988525681886,75.1918158567775,80.56265984654732,58.82352941176471,74.62915601023019,0
2025-09,전라남도,5.0,37127,0.134672879575511,117.06,72.26859651924399,75.1918158567775,71.86700767263427,76.21483375959079,74.62915601023018,0
2026-03,경상남도,9.0,67454,0.1334242594953598,118.8,48.01873224613504,74.42455242966753,97.9539641943734,28.388746803069054,74.52685421994885,0
2025-05,대구광역시,9.0,37976,0.2369917842848114,116.27,61.52183005617762,85.42199488491049,45.78005115089514,54.47570332480819,74.39897698209718,1
2025-11,전라남도,6.0,37127,0.1616074554906133,117.2,49.88159018896363,79.15601023017904,76.21483375959079,37.084398976982094,74.3606138107417,0
2025-09,경상남도,9.0,67454,0.1334242594953598,117.06,72.26859651924399,74.42455242966753,71.86700767263427,76.21483375959079,74.09207161125319,0
2024-06,울산광역시,9.0,19964,0.4508114606291324,113.84,70.40797645934353,95.14066496163683,2.3017902813299234,67.51918158567774,73.81074168797954,1
2025-07,서울특별시,18.0,138619,0.1298523290458018,116.52,77.75407159005208,73.40153452685422,67.51918158567774,89.25831202046037,73.81074168797954,0
2025-12,대구광역시,6.0,37976,0.1579945228565409,117.57,41.42148908059404,77.62148337595907,84.91048593350384,19.69309462915601,73.28644501278772,0
2026-01,충청북도,5.0,31440,0.1590330788804071,118.03,37.281032920297086,78.26086956521739,89.25831202046037,2.3017902813299234,72.86445012787723,0
2024-07,전라남도,10.0,37127,0.2693457591510221,114.13,77.3364558671032,88.7468030690537,10.997442455242968,84.91048593350384,72.81329923273657,1
2025-05,강원특별자치도,9.0,43926,0.204890042343942,116.27,61.52183005617762,83.12020460358056,45.78005115089514,54.47570332480819,72.78772378516624,1
2025-02,경상남도,23.0,67454,0.3409731075992528,116.08,38.141470081779424,90.53708439897699,41.432225063938624,10.997442455242968,72.7621483375959,1
2025-06,대구광역시,6.0,37976,0.1579945228565409,116.31,70.97058460731459,77.62148337595907,54.47570332480819,71.86700767263427,72.41687979539643,0
2024-12,충청남도,15.0,42097,0.3563199277858279,114.91,40.892561338146805,91.81585677749361,32.73657289002558,15.34526854219949,72.35294117647058,1
2026-02,전북특별자치도,4.0,31373,0.1274981672138463,118.4,42.12641637472754,73.1457800511509,93.60613810741688,24.04092071611253,72.32736572890026,0
2026-03,인천광역시,5.0,41726,0.1198293629871063,118.8,48.01873224613504,71.0997442455243,97.9539641943734,28.388746803069054,72.1994884910486,0
2025-10,제주특별자치도,3.0,24251,0.1237062389179827,117.42,62.1988525681886,71.61125319693095,80.56265984654732,58.82352941176471,72.12276214833759,0
2026-01,서울특별시,21.0,138619,0.1514943838867687,118.03,37.281032920297086,76.98209718670077,89.25831202046037,2.3017902813299234,71.9693094629156,0
2026-02,부산광역시,7.0,55922,0.1251743499874825,118.4,42.12641637472754,72.25063938618926,93.60613810741688,24.04092071611253,71.70076726342711,0
2025-06,서울특별시,20.0,138619,0.1442803656064464,116.31,70.97058460731459,76.21483375959079,54.47570332480819,71.86700767263427,71.43222506393862,0
2025-05,광주광역시,4.0,22065,0.1812825742125538,116.27,61.52183005617762,80.81841432225065,45.78005115089514,54.47570332480819,71.17647058823529,1
2024-06,대전광역시,8.0,23164,0.3453634950785702,113.84,70.40797645934353,91.04859335038363,2.3017902813299234,67.51918158567774,70.9462915601023,1
2025-01,경상남도,20.0,67454,0.2964983544341328,115.71,37.60077504162818,89.51406649616368,37.084398976982094,6.649616368286446,70.74168797953965,1
2025-09,경기도,20.0,183285,0.109119677005756,117.06,72.26859651924399,69.18158567774935,71.86700767263427,76.21483375959079,70.42199488491048,0
2024-11,부산광역시,19.0,55922,0.339758949966024,114.4,51.50983011087168,90.28132992327366,15.34526854219949,41.432225063938624,70.40920716112532,1
2024-09,충청북도,6.0,31440,0.1908396946564885,114.65,74.58121856449478,81.84143222506394,24.04092071611253,80.56265984654732,70.153452685422,1
2024-05,강원특별자치도,13.0,43926,0.2959522833856941,114.1,62.72419013774592,89.25831202046037,6.649616368286446,63.171355498721226,70.12787723785166,1
2025-08,서울특별시,15.0,138619,0.1082102742048348,116.45,78.49616926828206,68.67007672634271,63.171355498721226,93.60613810741688,70.06393861892583,0
2025-03,광주광역시,4.0,22065,0.1812825742125538,116.29,48.30477583011704,80.81841432225065,50.127877237851656,32.73657289002558,69.87212276214834,1
2024-12,경상남도,18.0,67454,0.2668485189907196,114.91,40.892561338146805,88.23529411764706,32.73657289002558,15.34526854219949,69.846547314578,1
2025-11,부산광역시,7.0,55922,0.1251743499874825,117.2,49.88159018896363,72.25063938618926,76.21483375959079,37.084398976982094,69.52685421994885,0
2024-06,충청북도,9.0,31440,0.2862595419847328,113.84,70.40797645934353,89.00255754475704,2.3017902813299234,67.51918158567774,69.51406649616368,1
2024-05,대전광역시,6.0,23164,0.2590226213089276,114.1,62.72419013774592,87.59590792838875,6.649616368286446,63.171355498721226,68.96419437340154,1
2025-11,인천광역시,5.0,41726,0.1198293629871063,117.2,49.88159018896363,71.0997442455243,76.21483375959079,37.084398976982094,68.72122762148338,0
2025-08,울산광역시,2.0,19964,0.1001803245842516,116.45,78.49616926828206,66.62404092071611,63.171355498721226,93.60613810741688,68.63171355498721,0
2026-02,경상남도,7.0,67454,0.1037744240519465,118.4,42.12641637472754,67.51918158567774,93.60613810741688,24.04092071611253,68.38874680306905,0
2025-11,충청남도,5.0,42097,0.1187733092619426,117.2,49.88159018896363,70.58823529411765,76.21483375959079,37.084398976982094,68.36317135549872,0
2025-09,인천광역시,4.0,41726,0.095863490389685,117.06,72.26859651924399,66.11253196930946,71.86700767263427,76.21483375959079,68.27365728900256,0
2025-12,경기도,21.0,183285,0.1145756608560438,117.57,41.42148908059404,70.076726342711,84.91048593350384,19.69309462915601,68.00511508951406,0
2025-04,대구광역시,5.0,37976,0.1316621023804507,116.38,56.031464941879086,73.78516624040921,58.82352941176471,45.78005115089514,67.9923273657289,0
2025-01,대구광역시,9.0,37976,0.2369917842848114,115.71,37.60077504162818,85.42199488491049,37.084398976982094,6.649616368286446,67.87723785166241,1
2025-06,인천광역시,5.0,41726,0.1198293629871063,116.31,70.97058460731459,71.0997442455243,54.47570332480819,71.86700767263427,67.85166240409208,0
2024-12,경기도,43.0,183285,0.2346073055623755,114.91,40.892561338146805,84.91048593350384,32.73657289002558,15.34526854219949,67.51918158567774,1
2024-05,대구광역시,9.0,37976,0.2369917842848114,114.1,62.72419013774592,85.42199488491049,6.649616368286446,63.171355498721226,67.44245524296674,1
2025-05,전라남도,5.0,37127,0.134672879575511,116.27,61.52183005617762,75.1918158567775,45.78005115089514,54.47570332480819,67.2378516624041,0
2024-12,광주광역시,5.0,22065,0.2266032177656922,114.91,40.892561338146805,84.39897698209718,32.73657289002558,15.34526854219949,67.16112531969308,1
2025-02,경상북도,11.0,54980,0.2000727537286286,116.08,38.141470081779424,82.35294117647058,41.432225063938624,10.997442455242968,67.03324808184142,1
2025-11,서울특별시,15.0,138619,0.1082102742048348,117.2,49.88159018896363,68.67007672634271,76.21483375959079,37.084398976982094,67.02046035805627,0
2025-07,경상북도,5.0,54980,0.0909421607857402,116.52,77.75407159005208,63.29923273657288,67.51918158567774,89.25831202046037,66.73913043478261,0
2026-03,경상북도,5.0,54980,0.0909421607857402,118.8,48.01873224613504,63.29923273657288,97.9539641943734,28.388746803069054,66.7391304347826,0
2026-02,서울특별시,13.0,138619,0.0937822376441901,118.4,42.12641637472754,64.70588235294117,93.60613810741688,24.04092071611253,66.41943734015345,0
2024-11,대전광역시,5.0,23164,0.2158521844241063,114.4,51.50983011087168,84.14322250639387,15.34526854219949,41.432225063938624,66.11253196930946,1
2024-10,전라남도,6.0,37127,0.1616074554906133,114.69,61.13916856106862,79.15601023017904,28.388746803069054,50.127877237851656,66.0997442455243,0
2025-01,경기도,37.0,183285,0.2018714024606487,115.71,37.60077504162818,82.86445012787725,37.084398976982094,6.649616368286446,66.08695652173914,1
2026-02,강원특별자치도,4.0,43926,0.091062241041752,118.4,42.12641637472754,64.06649616368286,93.60613810741688,24.04092071611253,65.97186700767263,0
2025-12,서울특별시,14.0,138619,0.1009962559245125,117.57,41.42148908059404,67.13554987212275,84.91048593350384,19.69309462915601,65.9462915601023,0
2025-06,전라남도,4.0,37127,0.1077383036604088,116.31,70.97058460731459,68.28644501278772,54.47570332480819,71.86700767263427,65.88235294117646,0
2025-10,광주광역시,2.0,22065,0.0906412871062769,117.42,62.1988525681886,62.53196930946292,80.56265984654732,58.82352941176471,65.76726342710998,0
2024-11,세종특별자치시,1.0,4829,0.2070822116380203,114.4,51.50983011087168,83.50383631713555,15.34526854219949,41.432225063938624,65.66496163682864,1
2026-01,대구광역시,4.0,37976,0.1053296819043606,118.03,37.281032920297086,67.77493606138107,89.25831202046037,2.3017902813299234,65.5242966751918,0
2025-10,부산광역시,5.0,55922,0.0894102499910589,117.42,62.1988525681886,61.76470588235294,80.56265984654732,58.82352941176471,65.230179028133,0
2024-05,경기도,36.0,183285,0.1964154186103609,114.1,62.72419013774592,82.09718670076727,6.649616368286446,63.171355498721226,65.1150895140665,1
2024-05,경상북도,10.0,54980,0.1818843215714805,114.1,62.72419013774592,81.58567774936061,6.649616368286446,63.171355498721226,64.75703324808184,1
2025-11,충청북도,3.0,31440,0.0954198473282442,117.2,49.88159018896363,65.34526854219949,76.21483375959079,37.084398976982094,64.69309462915601,0
2025-08,경기도,16.0,183285,0.0872957416046048,116.45,78.49616926828206,60.86956521739131,63.171355498721226,93.60613810741688,64.60358056265984,0
2025-09,서울특별시,12.0,138619,0.0865682193638678,117.06,72.26859651924399,60.48593350383632,71.86700767263427,76.21483375959079,64.33503836317135,0
2025-03,부산광역시,7.0,55922,0.1251743499874825,116.29,48.30477583011704,72.25063938618926,50.127877237851656,32.73657289002558,63.87468030690537,0
2024-09,부산광역시,7.0,55922,0.1251743499874825,114.65,74.58121856449478,72.25063938618926,24.04092071611253,80.56265984654732,63.43989769820972,0
2026-03,전라남도,3.0,37127,0.0808037277453066,118.8,48.01873224613504,58.31202046035806,97.9539641943734,28.388746803069054,63.24808184143223,0
2025-06,경상북도,5.0,54980,0.0909421607857402,116.31,70.97058460731459,63.29923273657288,54.47570332480819,71.86700767263427,62.39130434782608,0
2024-06,부산광역시,9.0,55922,0.1609384499839061,113.84,70.40797645934353,78.77237851662404,2.3017902813299234,67.51918158567774,62.35294117647059,0
2025-03,강원특별자치도,5.0,43926,0.11382780130219,116.29,48.30477583011704,69.82097186700767,50.127877237851656,32.73657289002558,62.17391304347826,0
2025-01,울산광역시,3.0,19964,0.1502704868763774,115.71,37.60077504162818,76.72634271099744,37.084398976982094,6.649616368286446,61.79028132992327,0
2025-03,경기도,20.0,183285,0.109119677005756,116.29,48.30477583011704,69.18158567774935,50.127877237851656,32.73657289002558,61.726342710997436,0
2026-03,서울특별시,10.0,138619,0.0721401828032232,118.8,48.01873224613504,55.49872122762148,97.9539641943734,28.388746803069054,61.27877237851663,0
2025-10,서울특별시,10.0,138619,0.0721401828032232,117.42,62.1988525681886,55.49872122762148,80.56265984654732,58.82352941176471,60.84398976982097,0
2026-02,경상북도,4.0,54980,0.0727537286285922,118.4,42.12641637472754,56.26598465473146,93.60613810741688,24.04092071611253,60.51150895140665,0
2024-06,경기도,25.0,183285,0.136399596257195,113.84,70.40797645934353,75.95907928388746,2.3017902813299234,67.51918158567774,60.383631713554976,0
2025-05,충청북도,3.0,31440,0.0954198473282442,116.27,61.52183005617762,65.34526854219949,45.78005115089514,54.47570332480819,60.34526854219949,0
2024-06,광주광역시,3.0,22065,0.1359619306594153,113.84,70.40797645934353,75.70332480818415,2.3017902813299234,67.51918158567774,60.20460358056266,0
2025-08,인천광역시,3.0,41726,0.0718976177922638,116.45,78.49616926828206,54.47570332480819,63.171355498721226,93.60613810741688,60.12787723785166,0
2025-04,광주광역시,2.0,22065,0.0906412871062769,116.38,56.031464941879086,62.53196930946292,58.82352941176471,45.78005115089514,60.1150895140665,0
2026-01,대전광역시,2.0,23164,0.0863408737696425,118.03,37.281032920297086,59.71867007672634,89.25831202046037,2.3017902813299234,59.8849104859335,0
2024-08,전북특별자치도,3.0,31373,0.0956236254103847,114.54,79.53516619543673,65.72890025575447,19.69309462915601,97.9539641943734,59.744245524296666,0
2024-12,대구광역시,5.0,37976,0.1316621023804507,114.91,40.892561338146805,73.78516624040921,32.73657289002558,15.34526854219949,59.73145780051151,0
2024-11,경상남도,9.0,67454,0.1334242594953598,114.4,51.50983011087168,74.42455242966753,15.34526854219949,41.432225063938624,59.309462915601024,0
2026-03,강원특별자치도,3.0,43926,0.068296680781314,118.8,48.01873224613504,52.685421994884905,97.9539641943734,28.388746803069054,59.309462915601024,0
2026-02,인천광역시,3.0,41726,0.0718976177922638,118.4,42.12641637472754,54.47570332480819,93.60613810741688,24.04092071611253,59.25831202046036,0
2025-12,경상남도,5.0,67454,0.0741245886085332,117.57,41.42148908059404,57.033248081841435,84.91048593350384,19.69309462915601,58.874680306905375,0
2025-02,서울특별시,16.0,138619,0.1154242924851571,116.08,38.141470081779424,70.33248081841433,41.432225063938624,10.997442455242968,58.61892583120205,0
2025-03,서울특별시,13.0,138619,0.0937822376441901,116.29,48.30477583011704,64.70588235294117,50.127877237851656,32.73657289002558,58.59335038363171,0
2024-08,강원특별자치도,4.0,43926,0.091062241041752,114.54,79.53516619543673,64.06649616368286,19.69309462915601,97.9539641943734,58.580562659846535,0
2024-10,부산광역시,6.0,55922,0.1072922999892707,114.69,61.13916856106862,68.03069053708441,28.388746803069054,50.127877237851656,58.31202046035806,0
2024-11,경상북도,7.0,54980,0.1273190251000363,114.4,51.50983011087168,72.89002557544757,15.34526854219949,41.432225063938624,58.23529411764705,0
2024-09,서울특별시,13.0,138619,0.0937822376441901,114.65,74.58121856449478,64.70588235294117,24.04092071611253,80.56265984654732,58.15856777493606,0
2025-06,경상남도,5.0,67454,0.0741245886085332,116.31,70.97058460731459,57.033248081841435,54.47570332480819,71.86700767263427,58.005115089514064,0
2025-05,부산광역시,5.0,55922,0.0894102499910589,116.27,61.52183005617762,61.76470588235294,45.78005115089514,54.47570332480819,57.8388746803069,0
2024-10,서울특별시,14.0,138619,0.1009962559245125,114.69,61.13916856106862,67.13554987212275,28.388746803069054,50.127877237851656,57.6854219948849,0
2025-10,경기도,11.0,183285,0.0600158223531658,117.42,62.1988525681886,50.89514066496164,80.56265984654732,58.82352941176471,57.62148337595908,0
2024-07,울산광역시,2.0,19964,0.1001803245842516,114.13,77.3364558671032,66.62404092071611,10.997442455242968,84.91048593350384,57.327365728900254,0
2025-05,대전광역시,2.0,23164,0.0863408737696425,116.27,61.52183005617762,59.71867007672634,45.78005115089514,54.47570332480819,56.406649616368284,0
2026-01,인천광역시,3.0,41726,0.0718976177922638,118.03,37.281032920297086,54.47570332480819,89.25831202046037,2.3017902813299234,56.214833759590796,0
2024-08,서울특별시,12.0,138619,0.0865682193638678,114.54,79.53516619543673,60.48593350383632,19.69309462915601,97.9539641943734,56.07416879795396,0
2025-08,경상북도,3.0,54980,0.0545652964714441,116.45,78.49616926828206,48.46547314578005,63.171355498721226,93.60613810741688,55.92071611253197,0
2024-06,경상북도,6.0,54980,0.1091305929428883,113.84,70.40797645934353,69.56521739130434,2.3017902813299234,67.51918158567774,55.9079283887468,0
2025-11,전북특별자치도,2.0,31373,0.0637490836069231,117.2,49.88159018896363,51.790281329923275,76.21483375959079,37.084398976982094,55.20460358056266,0
2025-08,전라남도,2.0,37127,0.0538691518302044,116.45,78.49616926828206,47.31457800511509,63.171355498721226,93.60613810741688,55.1150895140665,0
2025-03,대전광역시,2.0,23164,0.0863408737696425,116.29,48.30477583011704,59.71867007672634,50.127877237851656,32.73657289002558,55.102301790281324,0
2025-05,서울특별시,11.0,138619,0.0793542010835455,116.27,61.52183005617762,57.8005115089514,45.78005115089514,54.47570332480819,55.06393861892583,0
2026-02,경기도,10.0,183285,0.054559838502878,118.4,42.12641637472754,47.82608695652174,93.60613810741688,24.04092071611253,54.60358056265985,0
2025-11,경기도,11.0,183285,0.0600158223531658,117.2,49.88159018896363,50.89514066496164,76.21483375959079,37.084398976982094,54.57800511508951,0
2025-08,대구광역시,2.0,37976,0.0526648409521803,116.45,78.49616926828206,46.29156010230179,63.171355498721226,93.60613810741688,54.39897698209719,0
2024-12,인천광역시,4.0,41726,0.095863490389685,114.91,40.892561338146805,66.11253196930946,32.73657289002558,15.34526854219949,54.36061381074168,0
2025-07,울산광역시,1.0,19964,0.0500901622921258,116.52,77.75407159005208,45.26854219948849,67.51918158567774,89.25831202046037,54.117647058823536,0
2024-09,전라남도,3.0,37127,0.0808037277453066,114.65,74.58121856449478,58.31202046035806,24.04092071611253,80.56265984654732,53.68286445012788,0
2024-09,대구광역시,3.0,37976,0.0789972614282704,114.65,74.58121856449478,57.54475703324808,24.04092071611253,80.56265984654732,53.14578005115089,0
2024-08,경상북도,4.0,54980,0.0727537286285922,114.54,79.53516619543673,56.26598465473146,19.69309462915601,97.9539641943734,53.12020460358056,0
2026-01,경상남도,4.0,67454,0.0592996708868265,118.03,37.281032920297086,50.0,89.25831202046037,2.3017902813299234,53.08184143222507,0
2026-02,울산광역시,1.0,19964,0.0500901622921258,118.4,42.12641637472754,45.26854219948849,93.60613810741688,24.04092071611253,52.813299232736576,0
2025-10,인천광역시,2.0,41726,0.0479317451948425,117.42,62.1988525681886,43.8618925831202,80.56265984654732,58.82352941176471,52.69820971867008,0
2024-12,경상북도,5.0,54980,0.0909421607857402,114.91,40.892561338146805,63.29923273657288,32.73657289002558,15.34526854219949,52.39130434782608,0
2025-12,전라남도,2.0,37127,0.0538691518302044,117.57,41.42148908059404,47.31457800511509,84.91048593350384,19.69309462915601,52.071611253196934,0
2025-04,경상남도,4.0,67454,0.0592996708868265,116.38,56.031464941879086,50.0,58.82352941176471,45.78005115089514,51.34271099744245,0
2024-12,부산광역시,5.0,55922,0.0894102499910589,114.91,40.892561338146805,61.76470588235294,32.73657289002558,15.34526854219949,51.31713554987212,0
2025-01,부산광역시,5.0,55922,0.0894102499910589,115.71,37.60077504162818,61.76470588235294,37.084398976982094,6.649616368286446,51.31713554987212,0
2025-07,광주광역시,1.0,22065,0.0453206435531384,116.52,77.75407159005208,40.92071611253197,67.51918158567774,89.25831202046037,51.07416879795396,0
2026-02,충청남도,2.0,42097,0.047509323704777,118.4,42.12641637472754,42.710997442455245,93.60613810741688,24.04092071611253,51.0230179028133,0
2025-04,서울특별시,8.0,138619,0.0577121462425785,116.38,56.031464941879086,49.232736572890026,58.82352941176471,45.78005115089514,50.805626598465466,0
2024-05,경상남도,6.0,67454,0.0889495063302398,114.1,62.72419013774592,61.125319693094625,6.649616368286446,63.171355498721226,50.43478260869564,0
2024-10,경상북도,4.0,54980,0.0727537286285922,114.69,61.13916856106862,56.26598465473146,28.388746803069054,50.127877237851656,50.076726342711,0
2024-12,대전광역시,2.0,23164,0.0863408737696425,114.91,40.892561338146805,59.71867007672634,32.73657289002558,15.34526854219949,49.884910485933496,0
2026-02,광주광역시,1.0,22065,0.0453206435531384,118.4,42.12641637472754,40.92071611253197,93.60613810741688,24.04092071611253,49.769820971867006,0
2025-10,경상남도,3.0,67454,0.0444747531651199,117.42,62.1988525681886,39.64194373401534,80.56265984654732,58.82352941176471,49.74424552429667,0
2025-01,제주특별자치도,2.0,24251,0.0824708259453218,115.71,37.60077504162818,58.95140664961637,37.084398976982094,6.649616368286446,49.347826086956516,0
2026-01,경기도,9.0,183285,0.0491038546525902,118.03,37.281032920297086,44.50127877237852,89.25831202046037,2.3017902813299234,49.23273657289003,0
2024-05,제주특별자치도,2.0,24251,0.0824708259453218,114.1,62.72419013774592,58.95140664961637,6.649616368286446,63.171355498721226,48.91304347826086,0
2025-12,충청남도,2.0,42097,0.047509323704777,117.57,41.42148908059404,42.710997442455245,84.91048593350384,19.69309462915601,48.84910485933504,0
2024-07,인천광역시,3.0,41726,0.0718976177922638,114.13,77.3364558671032,54.47570332480819,10.997442455242968,84.91048593350384,48.8235294117647,0
2024-08,경상남도,4.0,67454,0.0592996708868265,114.54,79.53516619543673,50.0,19.69309462915601,97.9539641943734,48.73401534526854,0
2025-05,경상북도,3.0,54980,0.0545652964714441,116.27,61.52183005617762,48.46547314578005,45.78005115089514,54.47570332480819,48.529411764705884,0
2025-08,제주특별자치도,1.0,24251,0.0412354129726609,116.45,78.49616926828206,37.59590792838875,63.171355498721226,93.60613810741688,48.31202046035806,0
2025-09,제주특별자치도,1.0,24251,0.0412354129726609,117.06,72.26859651924399,37.59590792838875,71.86700767263427,76.21483375959079,48.31202046035806,0
2024-11,전라남도,3.0,37127,0.0808037277453066,114.4,51.50983011087168,58.31202046035806,15.34526854219949,41.432225063938624,48.030690537084396,0
2026-01,충청남도,2.0,42097,0.047509323704777,118.03,37.281032920297086,42.710997442455245,89.25831202046037,2.3017902813299234,47.97953964194374,0
2024-07,강원특별자치도,3.0,43926,0.068296680781314,114.13,77.3364558671032,52.685421994884905,10.997442455242968,84.91048593350384,47.57033248081841,0
2025-09,경상북도,2.0,54980,0.0363768643142961,117.06,72.26859651924399,36.44501278772378,71.86700767263427,76.21483375959079,47.50639386189258,0
2026-02,제주특별자치도,1.0,24251,0.0412354129726609,118.4,42.12641637472754,37.59590792838875,93.60613810741688,24.04092071611253,47.44245524296675,0
2025-03,경상북도,3.0,54980,0.0545652964714441,116.29,48.30477583011704,48.46547314578005,50.127877237851656,32.73657289002558,47.22506393861892,0
2024-06,경상남도,5.0,67454,0.0741245886085332,113.84,70.40797645934353,57.033248081841435,2.3017902813299234,67.51918158567774,47.13554987212276,0
2025-04,인천광역시,2.0,41726,0.0479317451948425,116.38,56.031464941879086,43.8618925831202,58.82352941176471,45.78005115089514,47.04603580562659,0
2024-12,서울특별시,10.0,138619,0.0721401828032232,114.91,40.892561338146805,55.49872122762148,32.73657289002558,15.34526854219949,46.9309462915601,0
2025-09,부산광역시,2.0,55922,0.0357640999964235,117.06,72.26859651924399,35.54987212276215,71.86700767263427,76.21483375959079,46.879795396419446,0
2025-02,경기도,13.0,183285,0.0709277900537414,116.08,38.141470081779424,53.32480818414322,41.432225063938624,10.997442455242968,46.71355498721228,0
2025-11,경상남도,3.0,67454,0.0444747531651199,117.2,49.88159018896363,39.64194373401534,76.21483375959079,37.084398976982094,46.70076726342711,0
2024-08,부산광역시,3.0,55922,0.0536461499946353,114.54,79.53516619543673,46.80306905370844,19.69309462915601,97.9539641943734,46.49616368286445,0
2024-10,경기도,11.0,183285,0.0600158223531658,114.69,61.13916856106862,50.89514066496164,28.388746803069054,50.127877237851656,46.31713554987212,0
2025-05,울산광역시,1.0,19964,0.0500901622921258,116.27,61.52183005617762,45.26854219948849,45.78005115089514,54.47570332480819,46.29156010230179,0
2025-02,강원특별자치도,3.0,43926,0.068296680781314,116.08,38.141470081779424,52.685421994884905,41.432225063938624,10.997442455242968,46.265984654731454,0
2025-04,충청남도,2.0,42097,0.047509323704777,116.38,56.031464941879086,42.710997442455245,58.82352941176471,45.78005115089514,46.24040920716112,0
2025-09,전북특별자치도,1.0,31373,0.0318745418034615,117.06,72.26859651924399,34.52685421994885,71.86700767263427,76.21483375959079,46.16368286445013,0
2025-11,대전광역시,1.0,23164,0.0431704368848212,117.2,49.88159018896363,38.87468030690537,76.21483375959079,37.084398976982094,46.163682864450124,0
2024-08,대구광역시,2.0,37976,0.0526648409521803,114.54,79.53516619543673,46.29156010230179,19.69309462915601,97.9539641943734,46.13810741687979,0
2024-05,인천광역시,3.0,41726,0.0718976177922638,114.1,62.72419013774592,54.47570332480819,6.649616368286446,63.171355498721226,45.78005115089513,0
2024-07,경상남도,4.0,67454,0.0592996708868265,114.13,77.3364558671032,50.0,10.997442455242968,84.91048593350384,45.690537084398976,0
2024-08,울산광역시,1.0,19964,0.0500901622921258,114.54,79.53516619543673,45.26854219948849,19.69309462915601,97.9539641943734,45.42199488491048,0
2025-07,충청북도,1.0,31440,0.0318066157760814,116.52,77.75407159005208,32.73657289002558,67.51918158567774,89.25831202046037,45.34526854219949,0
2026-03,충청북도,1.0,31440,0.0318066157760814,118.8,48.01873224613504,32.73657289002558,97.9539641943734,28.388746803069054,45.34526854219949,0
2025-05,인천광역시,2.0,41726,0.0479317451948425,116.27,61.52183005617762,43.8618925831202,45.78005115089514,54.47570332480819,45.30690537084399,0
2025-12,제주특별자치도,1.0,24251,0.0412354129726609,117.57,41.42148908059404,37.59590792838875,84.91048593350384,19.69309462915601,45.26854219948849,0
2025-08,충청북도,1.0,31440,0.0318066157760814,116.45,78.49616926828206,32.73657289002558,63.171355498721226,93.60613810741688,44.91048593350384,0
2025-10,충청북도,1.0,31440,0.0318066157760814,117.42,62.1988525681886,32.73657289002558,80.56265984654732,58.82352941176471,44.91048593350384,0
2024-11,충청남도,3.0,42097,0.0712639855571656,114.4,51.50983011087168,53.70843989769821,15.34526854219949,41.432225063938624,44.808184143222505,0
2024-07,경상북도,3.0,54980,0.0545652964714441,114.13,77.3364558671032,48.46547314578005,10.997442455242968,84.91048593350384,44.61636828644501,0
2025-01,서울특별시,9.0,138619,0.0649261645229009,115.71,37.60077504162818,52.17391304347826,37.084398976982094,6.649616368286446,44.60358056265984,0
2024-11,경기도,13.0,183285,0.0709277900537414,114.4,51.50983011087168,53.32480818414322,15.34526854219949,41.432225063938624,44.53964194373401,0
2025-06,제주특별자치도,1.0,24251,0.0412354129726609,116.31,70.97058460731459,37.59590792838875,54.47570332480819,71.86700767263427,44.398976982097196,0
2025-07,경상남도,2.0,67454,0.0296498354434132,116.52,77.75407159005208,31.32992327365729,67.51918158567774,89.25831202046037,44.36061381074168,0
2024-12,충청북도,2.0,31440,0.0636132315521628,114.91,40.892561338146805,51.406649616368284,32.73657289002558,15.34526854219949,44.06649616368286,0
2026-02,충청북도,1.0,31440,0.0318066157760814,118.4,42.12641637472754,32.73657289002558,93.60613810741688,24.04092071611253,44.04092071611253,0
2024-05,전북특별자치도,2.0,31373,0.0637490836069231,114.1,62.72419013774592,51.790281329923275,6.649616368286446,63.171355498721226,43.900255754475694,0
2024-09,인천광역시,2.0,41726,0.0479317451948425,114.65,74.58121856449478,43.8618925831202,24.04092071611253,80.56265984654732,43.56777493606138,0
2025-04,대전광역시,1.0,23164,0.0431704368848212,116.38,56.031464941879086,38.87468030690537,58.82352941176471,45.78005115089514,43.55498721227622,0
2024-10,대구광역시,2.0,37976,0.0526648409521803,114.69,61.13916856106862,46.29156010230179,28.388746803069054,50.127877237851656,43.09462915601023,0
2025-06,전북특별자치도,1.0,31373,0.0318745418034615,116.31,70.97058460731459,34.52685421994885,54.47570332480819,71.86700767263427,42.25063938618926,0
2026-01,전북특별자치도,1.0,31373,0.0318745418034615,118.03,37.281032920297086,34.52685421994885,89.25831202046037,2.3017902813299234,42.25063938618926,0
2024-05,서울특별시,8.0,138619,0.0577121462425785,114.1,62.72419013774592,49.232736572890026,6.649616368286446,63.171355498721226,42.10997442455242,0
2025-12,충청북도,1.0,31440,0.0318066157760814,117.57,41.42148908059404,32.73657289002558,84.91048593350384,19.69309462915601,41.86700767263427,0
2025-07,인천광역시,1.0,41726,0.0239658725974212,116.52,77.75407159005208,27.74936061381074,67.51918158567774,89.25831202046037,41.85421994884911,0
2024-12,전라남도,2.0,37127,0.0538691518302044,114.91,40.892561338146805,47.31457800511509,32.73657289002558,15.34526854219949,41.20204603580562,0
2025-06,충청북도,1.0,31440,0.0318066157760814,116.31,70.97058460731459,32.73657289002558,54.47570332480819,71.86700767263427,40.997442455242975,0
2024-08,대전광역시,1.0,23164,0.0431704368848212,114.54,79.53516619543673,38.87468030690537,19.69309462915601,97.9539641943734,40.9462915601023,0
2024-09,경상남도,3.0,67454,0.0444747531651199,114.65,74.58121856449478,39.64194373401534,24.04092071611253,80.56265984654732,40.61381074168797,0
2024-07,충청남도,2.0,42097,0.047509323704777,114.13,77.3364558671032,42.710997442455245,10.997442455242968,84.91048593350384,40.588235294117645,0
2025-07,충청남도,1.0,42097,0.0237546618523885,116.52,77.75407159005208,25.831202046035806,67.51918158567774,89.25831202046037,40.511508951406654,0
2025-08,충청남도,1.0,42097,0.0237546618523885,116.45,78.49616926828206,25.831202046035806,63.171355498721226,93.60613810741688,40.076726342711,0
2025-03,제주특별자치도,1.0,24251,0.0412354129726609,116.29,48.30477583011704,37.59590792838875,50.127877237851656,32.73657289002558,39.61636828644501,0
2024-10,광주광역시,1.0,22065,0.0453206435531384,114.69,61.13916856106862,40.92071611253197,28.388746803069054,50.127877237851656,39.33503836317136,0
2024-05,울산광역시,1.0,19964,0.0500901622921258,114.1,62.72419013774592,45.26854219948849,6.649616368286446,63.171355498721226,39.33503836317135,0
2025-07,강원특별자치도,1.0,43926,0.022765560260438,116.52,77.75407159005208,23.785166240409207,67.51918158567774,89.25831202046037,39.07928388746804,0
2026-01,전라남도,1.0,37127,0.0269345759151022,118.03,37.281032920297086,29.795396419437342,89.25831202046037,2.3017902813299234,38.93861892583121,0
2025-10,강원특별자치도,1.0,43926,0.022765560260438,117.42,62.1988525681886,23.785166240409207,80.56265984654732,58.82352941176471,38.64450127877238,0
2025-12,인천광역시,1.0,41726,0.0239658725974212,117.57,41.42148908059404,27.74936061381074,84.91048593350384,19.69309462915601,38.37595907928389,0
2025-02,광주광역시,1.0,22065,0.0453206435531384,116.08,38.141470081779424,40.92071611253197,41.432225063938624,10.997442455242968,38.0306905370844,0
2025-10,경상북도,1.0,54980,0.018188432157148,117.42,62.1988525681886,22.122762148337596,80.56265984654732,58.82352941176471,37.48081841432225,0
2025-04,전라남도,1.0,37127,0.0269345759151022,116.38,56.031464941879086,29.795396419437342,58.82352941176471,45.78005115089514,37.1994884910486,0
2025-08,부산광역시,1.0,55922,0.0178820499982117,116.45,78.49616926828206,21.483375959079286,63.171355498721226,93.60613810741688,37.033248081841435,0
2024-07,제주특별자치도,1.0,24251,0.0412354129726609,114.13,77.3364558671032,37.59590792838875,10.997442455242968,84.91048593350384,37.0076726342711,0
2025-08,경상남도,1.0,67454,0.0148249177217066,116.45,78.49616926828206,21.099744245524295,63.171355498721226,93.60613810741688,36.76470588235294,0
2025-01,광주광역시,1.0,22065,0.0453206435531384,115.71,37.60077504162818,40.92071611253197,37.084398976982094,6.649616368286446,36.726342710997436,0
2024-06,강원특별자치도,2.0,43926,0.045531120520876,113.84,70.40797645934353,41.94373401534527,2.3017902813299234,67.51918158567774,36.57289002557545,0
2025-05,경상남도,2.0,67454,0.0296498354434132,116.27,61.52183005617762,31.32992327365729,45.78005115089514,54.47570332480819,36.53452685421995,0
2024-05,광주광역시,1.0,22065,0.0453206435531384,114.1,62.72419013774592,40.92071611253197,6.649616368286446,63.171355498721226,36.29156010230179,0
2025-06,충청남도,1.0,42097,0.0237546618523885,116.31,70.97058460731459,25.831202046035806,54.47570332480819,71.86700767263427,36.163682864450124,0
2024-11,광주광역시,1.0,22065,0.0453206435531384,114.4,51.50983011087168,40.92071611253197,15.34526854219949,41.432225063938624,35.85677749360614,0
2025-11,강원특별자치도,1.0,43926,0.022765560260438,117.2,49.88159018896363,23.785166240409207,76.21483375959079,37.084398976982094,35.60102301790282,0
2024-07,부산광역시,2.0,55922,0.0357640999964235,114.13,77.3364558671032,35.54987212276215,10.997442455242968,84.91048593350384,35.575447570332486,0
2024-10,전북특별자치도,1.0,31373,0.0318745418034615,114.69,61.13916856106862,34.52685421994885,28.388746803069054,50.127877237851656,34.85933503836317,0
2025-06,강원특별자치도,1.0,43926,0.022765560260438,116.31,70.97058460731459,23.785166240409207,54.47570332480819,71.86700767263427,34.73145780051151,0
2024-08,전라남도,1.0,37127,0.0269345759151022,114.54,79.53516619543673,29.795396419437342,19.69309462915601,97.9539641943734,34.590792838874684,0
2025-12,경상북도,1.0,54980,0.018188432157148,117.57,41.42148908059404,22.122762148337596,84.91048593350384,19.69309462915601,34.43734015345269,0
2024-09,경기도,5.0,183285,0.027279919251439,114.65,74.58121856449478,30.69053708439898,24.04092071611253,80.56265984654732,34.34782608695653,0
2025-03,전라남도,1.0,37127,0.0269345759151022,116.29,48.30477583011704,29.795396419437342,50.127877237851656,32.73657289002558,34.15601023017903,0
2024-07,충청북도,1.0,31440,0.0318066157760814,114.13,77.3364558671032,32.73657289002558,10.997442455242968,84.91048593350384,33.60613810741688,0
2025-01,경상북도,2.0,54980,0.0363768643142961,115.71,37.60077504162818,36.44501278772378,37.084398976982094,6.649616368286446,33.59335038363171,0
2024-08,인천광역시,1.0,41726,0.0239658725974212,114.54,79.53516619543673,27.74936061381074,19.69309462915601,97.9539641943734,33.15856777493606,0
2025-04,강원특별자치도,1.0,43926,0.022765560260438,116.38,56.031464941879086,23.785166240409207,58.82352941176471,45.78005115089514,32.9923273657289,0
2025-03,인천광역시,1.0,41726,0.0239658725974212,116.29,48.30477583011704,27.74936061381074,50.127877237851656,32.73657289002558,32.72378516624041,0
2025-05,충청남도,1.0,42097,0.0237546618523885,116.27,61.52183005617762,25.831202046035806,45.78005115089514,54.47570332480819,32.685421994884905,0
2024-05,부산광역시,2.0,55922,0.0357640999964235,114.1,62.72419013774592,35.54987212276215,6.649616368286446,63.171355498721226,32.53196930946292,0
2024-11,서울특별시,5.0,138619,0.0360700914016116,114.4,51.50983011087168,36.0613810741688,15.34526854219949,41.432225063938624,32.45524296675192,0
2024-07,서울특별시,4.0,138619,0.0288560731212892,114.13,77.3364558671032,30.946291560102303,10.997442455242968,84.91048593350384,32.35294117647059,0
2024-12,전북특별자치도,1.0,31373,0.0318745418034615,114.91,40.892561338146805,34.52685421994885,32.73657289002558,15.34526854219949,32.250639386189256,0
2025-04,경상북도,1.0,54980,0.018188432157148,116.38,56.031464941879086,22.122762148337596,58.82352941176471,45.78005115089514,31.82864450127877,0
2024-08,충청남도,1.0,42097,0.0237546618523885,114.54,79.53516619543673,25.831202046035806,19.69309462915601,97.9539641943734,31.815856777493607,0
2024-05,충청북도,1.0,31440,0.0318066157760814,114.1,62.72419013774592,32.73657289002558,6.649616368286446,63.171355498721226,30.562659846547316,0
2025-02,전라남도,1.0,37127,0.0269345759151022,116.08,38.141470081779424,29.795396419437342,41.432225063938624,10.997442455242968,30.242966751918157,0
2024-10,인천광역시,1.0,41726,0.0239658725974212,114.69,61.13916856106862,27.74936061381074,28.388746803069054,50.127877237851656,30.115089514066497,0
2025-07,대전광역시,0.0,23164,0.0,116.52,77.75407159005208,10.485933503836318,67.51918158567774,89.25831202046037,29.76982097186701,0
2025-07,전라남도,0.0,37127,0.0,116.52,77.75407159005208,10.485933503836318,67.51918158567774,89.25831202046037,29.76982097186701,0
2025-07,세종특별자치시,0.0,4829,0.0,116.52,77.75407159005208,10.485933503836318,67.51918158567774,89.25831202046037,29.76982097186701,0
2026-03,제주특별자치도,0.0,24251,0.0,118.8,48.01873224613504,10.485933503836318,97.9539641943734,28.388746803069054,29.769820971867006,0
2025-08,대전광역시,0.0,23164,0.0,116.45,78.49616926828206,10.485933503836318,63.171355498721226,93.60613810741688,29.335038363171357,0
2025-08,강원특별자치도,0.0,43926,0.0,116.45,78.49616926828206,10.485933503836318,63.171355498721226,93.60613810741688,29.335038363171357,0
2025-08,광주광역시,0.0,22065,0.0,116.45,78.49616926828206,10.485933503836318,63.171355498721226,93.60613810741688,29.335038363171357,0
2025-09,대전광역시,0.0,23164,0.0,117.06,72.26859651924399,10.485933503836318,71.86700767263427,76.21483375959079,29.335038363171357,0
2025-09,대구광역시,0.0,37976,0.0,117.06,72.26859651924399,10.485933503836318,71.86700767263427,76.21483375959079,29.335038363171357,0
2025-09,울산광역시,0.0,19964,0.0,117.06,72.26859651924399,10.485933503836318,71.86700767263427,76.21483375959079,29.335038363171357,0
2025-09,충청남도,0.0,42097,0.0,117.06,72.26859651924399,10.485933503836318,71.86700767263427,76.21483375959079,29.335038363171357,0
2025-09,세종특별자치시,0.0,4829,0.0,117.06,72.26859651924399,10.485933503836318,71.86700767263427,76.21483375959079,29.335038363171357,0
2025-10,대전광역시,0.0,23164,0.0,117.42,62.1988525681886,10.485933503836318,80.56265984654732,58.82352941176471,29.335038363171357,0
2025-10,울산광역시,0.0,19964,0.0,117.42,62.1988525681886,10.485933503836318,80.56265984654732,58.82352941176471,29.335038363171357,0
2025-10,충청남도,0.0,42097,0.0,117.42,62.1988525681886,10.485933503836318,80.56265984654732,58.82352941176471,29.335038363171357,0
2025-10,전북특별자치도,0.0,31373,0.0,117.42,62.1988525681886,10.485933503836318,80.56265984654732,58.82352941176471,29.335038363171357,0
2025-10,세종특별자치시,0.0,4829,0.0,117.42,62.1988525681886,10.485933503836318,80.56265984654732,58.82352941176471,29.335038363171357,0
2024-10,충청남도,1.0,42097,0.0237546618523885,114.69,61.13916856106862,25.831202046035806,28.388746803069054,50.127877237851656,28.772378516624038,0
2024-05,전라남도,1.0,37127,0.0269345759151022,114.1,62.72419013774592,29.795396419437342,6.649616368286446,63.171355498721226,28.50383631713555,0
2026-02,전라남도,0.0,37127,0.0,118.4,42.12641637472754,10.485933503836318,93.60613810741688,24.04092071611253,28.46547314578005,0
2026-02,세종특별자치시,0.0,4829,0.0,118.4,42.12641637472754,10.485933503836318,93.60613810741688,24.04092071611253,28.46547314578005,0
2024-09,경상북도,1.0,54980,0.018188432157148,114.65,74.58121856449478,22.122762148337596,24.04092071611253,80.56265984654732,28.350383631713555,0
2025-01,인천광역시,1.0,41726,0.0239658725974212,115.71,37.60077504162818,27.74936061381074,37.084398976982094,6.649616368286446,27.50639386189258,0
2025-02,충청남도,1.0,42097,0.0237546618523885,116.08,38.141470081779424,25.831202046035806,41.432225063938624,10.997442455242968,27.46803069053708,0
2024-06,대구광역시,1.0,37976,0.0263324204760901,113.84,70.40797645934353,28.77237851662404,2.3017902813299234,67.51918158567774,27.352941176470587,0
2024-11,대구광역시,1.0,37976,0.0263324204760901,114.4,51.50983011087168,28.77237851662404,15.34526854219949,41.432225063938624,27.352941176470587,0
2025-11,제주특별자치도,0.0,24251,0.0,117.2,49.88159018896363,10.485933503836318,76.21483375959079,37.084398976982094,26.29156010230179,0
2025-11,울산광역시,0.0,19964,0.0,117.2,49.88159018896363,10.485933503836318,76.21483375959079,37.084398976982094,26.29156010230179,0
2025-11,경상북도,0.0,54980,0.0,117.2,49.88159018896363,10.485933503836318,76.21483375959079,37.084398976982094,26.29156010230179,0
2025-11,세종특별자치시,0.0,4829,0.0,117.2,49.88159018896363,10.485933503836318,76.21483375959079,37.084398976982094,26.29156010230179,0
2025-12,강원특별자치도,0.0,43926,0.0,117.57,41.42148908059404,10.485933503836318,84.91048593350384,19.69309462915601,26.291560102301787,0
2025-12,울산광역시,0.0,19964,0.0,117.57,41.42148908059404,10.485933503836318,84.91048593350384,19.69309462915601,26.291560102301787,0
2024-05,충청남도,1.0,42097,0.0237546618523885,114.1,62.72419013774592,25.831202046035806,6.649616368286446,63.171355498721226,25.728900255754475,0
2024-10,경상남도,1.0,67454,0.0148249177217066,114.69,61.13916856106862,21.099744245524295,28.388746803069054,50.127877237851656,25.46035805626598,0
2025-06,세종특별자치시,0.0,4829,0.0,116.31,70.97058460731459,10.485933503836318,54.47570332480819,71.86700767263427,25.421994884910486,0
2026-01,강원특별자치도,0.0,43926,0.0,118.03,37.281032920297086,10.485933503836318,89.25831202046037,2.3017902813299234,25.421994884910486,0
2026-01,제주특별자치도,0.0,24251,0.0,118.03,37.281032920297086,10.485933503836318,89.25831202046037,2.3017902813299234,25.421994884910486,0
2026-01,세종특별자치시,0.0,4829,0.0,118.03,37.281032920297086,10.485933503836318,89.25831202046037,2.3017902813299234,25.421994884910486,0
2024-06,충청남도,1.0,42097,0.0237546618523885,113.84,70.40797645934353,25.831202046035806,2.3017902813299234,67.51918158567774,25.294117647058822,0
2024-12,강원특별자치도,1.0,43926,0.022765560260438,114.91,40.892561338146805,23.785166240409207,32.73657289002558,15.34526854219949,24.731457800511507,0
2024-11,강원특별자치도,1.0,43926,0.022765560260438,114.4,51.50983011087168,23.785166240409207,15.34526854219949,41.432225063938624,23.861892583120206,0
2025-04,제주특별자치도,0.0,24251,0.0,116.38,56.031464941879086,10.485933503836318,58.82352941176471,45.78005115089514,23.682864450127877,0
2025-04,충청북도,0.0,31440,0.0,116.38,56.031464941879086,10.485933503836318,58.82352941176471,45.78005115089514,23.682864450127877,0
2025-04,전북특별자치도,0.0,31373,0.0,116.38,56.031464941879086,10.485933503836318,58.82352941176471,45.78005115089514,23.682864450127877,0
2024-06,서울특별시,3.0,138619,0.0216420548409669,113.84,70.40797645934353,22.762148337595907,2.3017902813299234,67.51918158567774,23.145780051150894,0
2025-05,제주특별자치도,0.0,24251,0.0,116.27,61.52183005617762,10.485933503836318,45.78005115089514,54.47570332480819,21.943734015345267,0
2025-05,세종특별자치시,0.0,4829,0.0,116.27,61.52183005617762,10.485933503836318,45.78005115089514,54.47570332480819,21.943734015345267,0
2024-08,제주특별자치도,0.0,24251,0.0,114.54,79.53516619543673,10.485933503836318,19.69309462915601,97.9539641943734,21.074168797953966,0
2024-08,충청북도,0.0,31440,0.0,114.54,79.53516619543673,10.485933503836318,19.69309462915601,97.9539641943734,21.074168797953966,0
2024-08,세종특별자치시,0.0,4829,0.0,114.54,79.53516619543673,10.485933503836318,19.69309462915601,97.9539641943734,21.074168797953966,0
2025-03,울산광역시,0.0,19964,0.0,116.29,48.30477583011704,10.485933503836318,50.127877237851656,32.73657289002558,20.63938618925831,0
2025-03,충청북도,0.0,31440,0.0,116.29,48.30477583011704,10.485933503836318,50.127877237851656,32.73657289002558,20.63938618925831,0
2025-03,세종특별자치시,0.0,4829,0.0,116.29,48.30477583011704,10.485933503836318,50.127877237851656,32.73657289002558,20.63938618925831,0
2024-09,대전광역시,0.0,23164,0.0,114.65,74.58121856449478,10.485933503836318,24.04092071611253,80.56265984654732,20.20460358056266,0
2024-09,강원특별자치도,0.0,43926,0.0,114.65,74.58121856449478,10.485933503836318,24.04092071611253,80.56265984654732,20.20460358056266,0
2024-09,제주특별자치도,0.0,24251,0.0,114.65,74.58121856449478,10.485933503836318,24.04092071611253,80.56265984654732,20.20460358056266,0
2024-09,울산광역시,0.0,19964,0.0,114.65,74.58121856449478,10.485933503836318,24.04092071611253,80.56265984654732,20.20460358056266,0
2024-09,충청남도,0.0,42097,0.0,114.65,74.58121856449478,10.485933503836318,24.04092071611253,80.56265984654732,20.20460358056266,0
2024-09,전북특별자치도,0.0,31373,0.0,114.65,74.58121856449478,10.485933503836318,24.04092071611253,80.56265984654732,20.20460358056266,0
2024-09,세종특별자치시,0.0,4829,0.0,114.65,74.58121856449478,10.485933503836318,24.04092071611253,80.56265984654732,20.20460358056266,0
2024-10,대전광역시,0.0,23164,0.0,114.69,61.13916856106862,10.485933503836318,28.388746803069054,50.127877237851656,18.0306905370844,0
2024-10,강원특별자치도,0.0,43926,0.0,114.69,61.13916856106862,10.485933503836318,28.388746803069054,50.127877237851656,18.0306905370844,0
2024-10,제주특별자치도,0.0,24251,0.0,114.69,61.13916856106862,10.485933503836318,28.388746803069054,50.127877237851656,18.0306905370844,0
2024-10,울산광역시,0.0,19964,0.0,114.69,61.13916856106862,10.485933503836318,28.388746803069054,50.127877237851656,18.0306905370844,0
2024-10,충청북도,0.0,31440,0.0,114.69,61.13916856106862,10.485933503836318,28.388746803069054,50.127877237851656,18.0306905370844,0
2024-10,세종특별자치시,0.0,4829,0.0,114.69,61.13916856106862,10.485933503836318,28.388746803069054,50.127877237851656,18.0306905370844,0
2024-07,대전광역시,0.0,23164,0.0,114.13,77.3364558671032,10.485933503836318,10.997442455242968,84.91048593350384,18.030690537084396,0
2024-07,대구광역시,0.0,37976,0.0,114.13,77.3364558671032,10.485933503836318,10.997442455242968,84.91048593350384,18.030690537084396,0
2024-07,전북특별자치도,0.0,31373,0.0,114.13,77.3364558671032,10.485933503836318,10.997442455242968,84.91048593350384,18.030690537084396,0
2024-07,세종특별자치시,0.0,4829,0.0,114.13,77.3364558671032,10.485933503836318,10.997442455242968,84.91048593350384,18.030690537084396,0
2025-02,대전광역시,0.0,23164,0.0,116.08,38.141470081779424,10.485933503836318,41.432225063938624,10.997442455242968,16.726342710997443,0
2025-02,대구광역시,0.0,37976,0.0,116.08,38.141470081779424,10.485933503836318,41.432225063938624,10.997442455242968,16.726342710997443,0
2025-02,제주특별자치도,0.0,24251,0.0,116.08,38.141470081779424,10.485933503836318,41.432225063938624,10.997442455242968,16.726342710997443,0
2025-02,울산광역시,0.0,19964,0.0,116.08,38.141470081779424,10.485933503836318,41.432225063938624,10.997442455242968,16.726342710997443,0
2025-02,충청북도,0.0,31440,0.0,116.08,38.141470081779424,10.485933503836318,41.432225063938624,10.997442455242968,16.726342710997443,0
2025-02,전북특별자치도,0.0,31373,0.0,116.08,38.141470081779424,10.485933503836318,41.432225063938624,10.997442455242968,16.726342710997443,0
2024-12,제주특별자치도,0.0,24251,0.0,114.91,40.892561338146805,10.485933503836318,32.73657289002558,15.34526854219949,15.421994884910488,0
2024-12,울산광역시,0.0,19964,0.0,114.91,40.892561338146805,10.485933503836318,32.73657289002558,15.34526854219949,15.421994884910488,0
2024-12,세종특별자치시,0.0,4829,0.0,114.91,40.892561338146805,10.485933503836318,32.73657289002558,15.34526854219949,15.421994884910488,0
2025-01,대전광역시,0.0,23164,0.0,115.71,37.60077504162818,10.485933503836318,37.084398976982094,6.649616368286446,15.421994884910484,0
2025-01,강원특별자치도,0.0,43926,0.0,115.71,37.60077504162818,10.485933503836318,37.084398976982094,6.649616368286446,15.421994884910484,0
2025-01,충청북도,0.0,31440,0.0,115.71,37.60077504162818,10.485933503836318,37.084398976982094,6.649616368286446,15.421994884910484,0
2025-01,전북특별자치도,0.0,31373,0.0,115.71,37.60077504162818,10.485933503836318,37.084398976982094,6.649616368286446,15.421994884910484,0
2025-01,전라남도,0.0,37127,0.0,115.71,37.60077504162818,10.485933503836318,37.084398976982094,6.649616368286446,15.421994884910484,0
2025-01,세종특별자치시,0.0,4829,0.0,115.71,37.60077504162818,10.485933503836318,37.084398976982094,6.649616368286446,15.421994884910484,0
2024-05,세종특별자치시,0.0,4829,0.0,114.1,62.72419013774592,10.485933503836318,6.649616368286446,63.171355498721226,14.987212276214834,0
2024-06,제주특별자치도,0.0,24251,0.0,113.84,70.40797645934353,10.485933503836318,2.3017902813299234,67.51918158567774,14.552429667519181,0
2024-06,인천광역시,0.0,41726,0.0,113.84,70.40797645934353,10.485933503836318,2.3017902813299234,67.51918158567774,14.552429667519181,0
2024-06,전북특별자치도,0.0,31373,0.0,113.84,70.40797645934353,10.485933503836318,2.3017902813299234,67.51918158567774,14.552429667519181,0
2024-06,전라남도,0.0,37127,0.0,113.84,70.40797645934353,10.485933503836318,2.3017902813299234,67.51918158567774,14.552429667519181,0
2024-06,세종특별자치시,0.0,4829,0.0,113.84,70.40797645934353,10.485933503836318,2.3017902813299234,67.51918158567774,14.552429667519181,0
2024-11,제주특별자치도,0.0,24251,0.0,114.4,51.50983011087168,10.485933503836318,15.34526854219949,41.432225063938624,14.552429667519181,0
2024-11,울산광역시,0.0,19964,0.0,114.4,51.50983011087168,10.485933503836318,15.34526854219949,41.432225063938624,14.552429667519181,0
2024-11,충청북도,0.0,31440,0.0,114.4,51.50983011087168,10.485933503836318,15.34526854219949,41.432225063938624,14.552429667519181,0
