YEAR_MONTH,SIDO,TARGET_COUNT,TEMP_AVG,TEMP_MAX,HUMIDITY,RAIN,THI,CPI_AGRI,CPI_TOTAL,RESTAURANT_DENSITY,VIOLATION_RATE,TARGET
2024-05,대전광역시,6.0,17.716175459874673,33.4,67.52164622416974,119.34536082474227,62.72419013774592,121.9,114.1,23164,0.2590226213089276,1
2024-05,강원특별자치도,13.0,17.716175459874673,33.4,67.52164622416974,119.34536082474227,62.72419013774592,121.9,114.1,43926,0.2959522833856941,1
2024-05,대구광역시,9.0,17.716175459874673,33.4,67.52164622416974,119.34536082474227,62.72419013774592,121.9,114.1,37976,0.23699178428481144,1
2024-05,제주특별자치도,2.0,17.716175459874673,33.4,67.52164622416974,119.34536082474227,62.72419013774592,121.9,114.1,24251,0.08247082594532185,0
2024-05,울산광역시,1.0,17.716175459874673,33.4,67.52164622416974,119.34536082474227,62.72419013774592,121.9,114.1,19964,0.050090162292125824,0
2024-05,경상남도,6.0,17.716175459874673,33.4,67.52164622416974,119.34536082474227,62.72419013774592,121.9,114.1,67454,0.08894950633023986,0
2024-05,경기도,36.0,17.716175459874673,33.4,67.52164622416974,119.34536082474227,62.72419013774592,121.9,114.1,183285,0.1964154186103609,1
2024-05,부산광역시,2.0,17.716175459874673,33.4,67.52164622416974,119.34536082474227,62.72419013774592,121.9,114.1,55922,0.03576409999642359,0
2024-05,인천광역시,3.0,17.716175459874673,33.4,67.52164622416974,119.34536082474227,62.72419013774592,121.9,114.1,41726,0.07189761779226382,0
2024-05,서울특별시,8.0,17.716175459874673,33.4,67.52164622416974,119.34536082474227,62.72419013774592,121.9,114.1,138619,0.05771214624257858,0
2024-05,광주광역시,1.0,17.716175459874673,33.4,67.52164622416974,119.34536082474227,62.72419013774592,121.9,114.1,22065,0.04532064355313845,0
2024-05,경상북도,10.0,17.716175459874673,33.4,67.52164622416974,119.34536082474227,62.72419013774592,121.9,114.1,54980,0.18188432157148055,1
2024-05,충청남도,1.0,17.716175459874673,33.4,67.52164622416974,119.34536082474227,62.72419013774592,121.9,114.1,42097,0.02375466185238853,0
2024-05,충청북도,1.0,17.716175459874673,33.4,67.52164622416974,119.34536082474227,62.72419013774592,121.9,114.1,31440,0.031806615776081425,0
2024-05,전북특별자치도,2.0,17.716175459874673,33.4,67.52164622416974,119.34536082474227,62.72419013774592,121.9,114.1,31373,0.06374908360692315,0
2024-05,전라남도,1.0,17.716175459874673,33.4,67.52164622416974,119.34536082474227,62.72419013774592,121.9,114.1,37127,0.026934575915102215,0
2024-05,세종특별자치시,0.0,17.716175459874673,33.4,67.52164622416974,119.34536082474227,62.72419013774592,121.9,114.1,4829,0.0,0
2024-06,대전광역시,8.0,22.675512501481215,37.7,71.32672236046925,145.50515463917526,70.40797645934353,119.5,113.84,23164,0.3453634950785702,1
2024-06,강원특별자치도,2.0,22.675512501481215,37.7,71.32672236046925,145.50515463917526,70.40797645934353,119.5,113.84,43926,0.04553112052087602,0
2024-06,대구광역시,1.0,22.675512501481215,37.7,71.32672236046925,145.50515463917526,70.40797645934353,119.5,113.84,37976,0.026332420476090163,0
2024-06,제주특별자치도,0.0,22.675512501481215,37.7,71.32672236046925,145.50515463917526,70.40797645934353,119.5,113.84,24251,0.0,0
2024-06,울산광역시,9.0,22.675512501481215,37.7,71.32672236046925,145.50515463917526,70.40797645934353,119.5,113.84,19964,0.45081146062913247,1
2024-06,경상남도,5.0,22.675512501481215,37.7,71.32672236046925,145.50515463917526,70.40797645934353,119.5,113.84,67454,0.07412458860853322,0
2024-06,경기도,25.0,22.675512501481215,37.7,71.32672236046925,145.50515463917526,70.40797645934353,119.5,113.84,183285,0.13639959625719508,0
2024-06,부산광역시,9.0,22.675512501481215,37.7,71.32672236046925,145.50515463917526,70.40797645934353,119.5,113.84,55922,0.16093844998390616,0
2024-06,인천광역시,0.0,22.675512501481215,37.7,71.32672236046925,145.50515463917526,70.40797645934353,119.5,113.84,41726,0.0,0
2024-06,서울특별시,3.0,22.675512501481215,37.7,71.32672236046925,145.50515463917526,70.40797645934353,119.5,113.84,138619,0.021642054840966967,0
2024-06,광주광역시,3.0,22.675512501481215,37.7,71.32672236046925,145.50515463917526,70.40797645934353,119.5,113.84,22065,0.13596193065941536,0
2024-06,경상북도,6.0,22.675512501481215,37.7,71.32672236046925,145.50515463917526,70.40797645934353,119.5,113.84,54980,0.10913059294288832,0
2024-06,충청남도,1.0,22.675512501481215,37.7,71.32672236046925,145.50515463917526,70.40797645934353,119.5,113.84,42097,0.02375466185238853,0
2024-06,충청북도,9.0,22.675512501481215,37.7,71.32672236046925,145.50515463917526,70.40797645934353,119.5,113.84,31440,0.28625954198473286,1
2024-06,전북특별자치도,0.0,22.675512501481215,37.7,71.32672236046925,145.50515463917526,70.40797645934353,119.5,113.84,31373,0.0,0
2024-06,전라남도,0.0,22.675512501481215,37.7,71.32672236046925,145.50515463917526,70.40797645934353,119.5,113.84,37127,0.0,0
2024-06,세종특별자치시,0.0,22.675512501481215,37.7,71.32672236046925,145.50515463917526,70.40797645934353,119.5,113.84,4829,0.0,0
2024-07,대전광역시,0.0,26.31279313785076,37.7,83.70253431647994,353.1422680412371,77.3364558671032,120.59,114.13,23164,0.0,0
2024-07,강원특별자치도,3.0,26.31279313785076,37.7,83.70253431647994,353.1422680412371,77.3364558671032,120.59,114.13,43926,0.06829668078131403,0
2024-07,대구광역시,0.0,26.31279313785076,37.7,83.70253431647994,353.1422680412371,77.3364558671032,120.59,114.13,37976,0.0,0
2024-07,제주특별자치도,1.0,26.31279313785076,37.7,83.70253431647994,353.1422680412371,77.3364558671032,120.59,114.13,24251,0.04123541297266092,0
2024-07,울산광역시,2.0,26.31279313785076,37.7,83.70253431647994,353.1422680412371,77.3364558671032,120.59,114.13,19964,0.10018032458425165,0
2024-07,경상남도,4.0,26.31279313785076,37.7,83.70253431647994,353.1422680412371,77.3364558671032,120.59,114.13,67454,0.059299670886826576,0
2024-07,경기도,80.0,26.31279313785076,37.7,83.70253431647994,353.1422680412371,77.3364558671032,120.59,114.13,183285,0.43647870802302424,1
2024-07,부산광역시,2.0,26.31279313785076,37.7,83.70253431647994,353.1422680412371,77.3364558671032,120.59,114.13,55922,0.03576409999642359,0
2024-07,인천광역시,3.0,26.31279313785076,37.7,83.70253431647994,353.1422680412371,77.3364558671032,120.59,114.13,41726,0.07189761779226382,0
2024-07,서울특별시,4.0,26.31279313785076,37.7,83.70253431647994,353.1422680412371,77.3364558671032,120.59,114.13,138619,0.02885607312128929,0
2024-07,광주광역시,12.0,26.31279313785076,37.7,83.70253431647994,353.1422680412371,77.3364558671032,120.59,114.13,22065,0.5438477226376615,1
2024-07,경상북도,3.0,26.31279313785076,37.7,83.70253431647994,353.1422680412371,77.3364558671032,120.59,114.13,54980,0.05456529647144416,0
2024-07,충청남도,2.0,26.31279313785076,37.7,83.70253431647994,353.1422680412371,77.3364558671032,120.59,114.13,42097,0.04750932370477706,0
2024-07,충청북도,1.0,26.31279313785076,37.7,83.70253431647994,353.1422680412371,77.3364558671032,120.59,114.13,31440,0.031806615776081425,0
2024-07,전북특별자치도,0.0,26.31279313785076,37.7,83.70253431647994,353.1422680412371,77.3364558671032,120.59,114.13,31373,0.0,0
2024-07,전라남도,10.0,26.31279313785076,37.7,83.70253431647994,353.1422680412371,77.3364558671032,120.59,114.13,37127,0.26934575915102216,1
2024-07,세종특별자치시,0.0,26.31279313785076,37.7,83.70253431647994,353.1422680412371,77.3364558671032,120.59,114.13,4829,0.0,0
2024-08,대전광역시,1.0,28.00284233340596,39.3,78.95452126210162,83.61752577319588,79.53516619543673,123.15,114.54,23164,0.04317043688482128,0
2024-08,강원특별자치도,4.0,28.00284233340596,39.3,78.95452126210162,83.61752577319588,79.53516619543673,123.15,114.54,43926,0.09106224104175203,0
2024-08,대구광역시,2.0,28.00284233340596,39.3,78.95452126210162,83.61752577319588,79.53516619543673,123.15,114.54,37976,0.052664840952180325,0
2024-08,제주특별자치도,0.0,28.00284233340596,39.3,78.95452126210162,83.61752577319588,79.53516619543673,123.15,114.54,24251,0.0,0
2024-08,울산광역시,1.0,28.00284233340596,39.3,78.95452126210162,83.61752577319588,79.53516619543673,123.15,114.54,19964,0.050090162292125824,0
2024-08,경상남도,4.0,28.00284233340596,39.3,78.95452126210162,83.61752577319588,79.53516619543673,123.15,114.54,67454,0.059299670886826576,0
2024-08,경기도,63.0,28.00284233340596,39.3,78.95452126210162,83.61752577319588,79.53516619543673,123.15,114.54,183285,0.3437269825681316,1
2024-08,부산광역시,3.0,28.00284233340596,39.3,78.95452126210162,83.61752577319588,79.53516619543673,123.15,114.54,55922,0.053646149994635385,0
2024-08,인천광역시,1.0,28.00284233340596,39.3,78.95452126210162,83.61752577319588,79.53516619543673,123.15,114.54,41726,0.02396587259742127,0
2024-08,서울특별시,12.0,28.00284233340596,39.3,78.95452126210162,83.61752577319588,79.53516619543673,123.15,114.54,138619,0.08656821936386787,0
2024-08,광주광역시,13.0,28.00284233340596,39.3,78.95452126210162,83.61752577319588,79.53516619543673,123.15,114.54,22065,0.5891683661907999,1
2024-08,경상북도,4.0,28.00284233340596,39.3,78.95452126210162,83.61752577319588,79.53516619543673,123.15,114.54,54980,0.07275372862859222,0
2024-08,충청남도,1.0,28.00284233340596,39.3,78.95452126210162,83.61752577319588,79.53516619543673,123.15,114.54,42097,0.02375466185238853,0
2024-08,충청북도,0.0,28.00284233340596,39.3,78.95452126210162,83.61752577319588,79.53516619543673,123.15,114.54,31440,0.0,0
2024-08,전북특별자치도,3.0,28.00284233340596,39.3,78.95452126210162,83.61752577319588,79.53516619543673,123.15,114.54,31373,0.09562362541038473,0
2024-08,전라남도,1.0,28.00284233340596,39.3,78.95452126210162,83.61752577319588,79.53516619543673,123.15,114.54,37127,0.026934575915102215,0
2024-08,세종특별자치시,0.0,28.00284233340596,39.3,78.95452126210162,83.61752577319588,79.53516619543673,123.15,114.54,4829,0.0,0
2024-09,대전광역시,0.0,24.811221116246,37.7,79.92761676231105,249.7618556701031,74.58121856449478,126.65,114.65,23164,0.0,0
2024-09,강원특별자치도,0.0,24.811221116246,37.7,79.92761676231105,249.7618556701031,74.58121856449478,126.65,114.65,43926,0.0,0
2024-09,대구광역시,3.0,24.811221116246,37.7,79.92761676231105,249.7618556701031,74.58121856449478,126.65,114.65,37976,0.07899726142827049,0
2024-09,제주특별자치도,0.0,24.811221116246,37.7,79.92761676231105,249.7618556701031,74.58121856449478,126.65,114.65,24251,0.0,0
2024-09,울산광역시,0.0,24.811221116246,37.7,79.92761676231105,249.7618556701031,74.58121856449478,126.65,114.65,19964,0.0,0
2024-09,경상남도,3.0,24.811221116246,37.7,79.92761676231105,249.7618556701031,74.58121856449478,126.65,114.65,67454,0.04447475316511993,0
2024-09,경기도,5.0,24.811221116246,37.7,79.92761676231105,249.7618556701031,74.58121856449478,126.65,114.65,183285,0.027279919251439015,0
2024-09,부산광역시,7.0,24.811221116246,37.7,79.92761676231105,249.7618556701031,74.58121856449478,126.65,114.65,55922,0.12517434998748259,0
2024-09,인천광역시,2.0,24.811221116246,37.7,79.92761676231105,249.7618556701031,74.58121856449478,126.65,114.65,41726,0.04793174519484254,0
2024-09,서울특별시,13.0,24.811221116246,37.7,79.92761676231105,249.7618556701031,74.58121856449478,126.65,114.65,138619,0.09378223764419019,0
2024-09,광주광역시,8.0,24.811221116246,37.7,79.92761676231105,249.7618556701031,74.58121856449478,126.65,114.65,22065,0.3625651484251076,1
2024-09,경상북도,1.0,24.811221116246,37.7,79.92761676231105,249.7618556701031,74.58121856449478,126.65,114.65,54980,0.018188432157148056,0
2024-09,충청남도,0.0,24.811221116246,37.7,79.92761676231105,249.7618556701031,74.58121856449478,126.65,114.65,42097,0.0,0
2024-09,충청북도,6.0,24.811221116246,37.7,79.92761676231105,249.7618556701031,74.58121856449478,126.65,114.65,31440,0.19083969465648853,1
2024-09,전북특별자치도,0.0,24.811221116246,37.7,79.92761676231105,249.7618556701031,74.58121856449478,126.65,114.65,31373,0.0,0
2024-09,전라남도,3.0,24.811221116246,37.7,79.92761676231105,249.7618556701031,74.58121856449478,126.65,114.65,37127,0.08080372774530666,0
2024-09,세종특별자치시,0.0,24.811221116246,37.7,79.92761676231105,249.7618556701031,74.58121856449478,126.65,114.65,4829,0.0,0
2024-10,대전광역시,0.0,16.42098436980379,31.3,79.39822857776299,119.25876288659794,61.13916856106862,125.27,114.69,23164,0.0,0
2024-10,강원특별자치도,0.0,16.42098436980379,31.3,79.39822857776299,119.25876288659794,61.13916856106862,125.27,114.69,43926,0.0,0
2024-10,대구광역시,2.0,16.42098436980379,31.3,79.39822857776299,119.25876288659794,61.13916856106862,125.27,114.69,37976,0.052664840952180325,0
2024-10,제주특별자치도,0.0,16.42098436980379,31.3,79.39822857776299,119.25876288659794,61.13916856106862,125.27,114.69,24251,0.0,0
2024-10,울산광역시,0.0,16.42098436980379,31.3,79.39822857776299,119.25876288659794,61.13916856106862,125.27,114.69,19964,0.0,0
2024-10,경상남도,1.0,16.42098436980379,31.3,79.39822857776299,119.25876288659794,61.13916856106862,125.27,114.69,67454,0.014824917721706644,0
2024-10,경기도,11.0,16.42098436980379,31.3,79.39822857776299,119.25876288659794,61.13916856106862,125.27,114.69,183285,0.06001582235316583,0
2024-10,부산광역시,6.0,16.42098436980379,31.3,79.39822857776299,119.25876288659794,61.13916856106862,125.27,114.69,55922,0.10729229998927077,0
2024-10,인천광역시,1.0,16.42098436980379,31.3,79.39822857776299,119.25876288659794,61.13916856106862,125.27,114.69,41726,0.02396587259742127,0
2024-10,서울특별시,14.0,16.42098436980379,31.3,79.39822857776299,119.25876288659794,61.13916856106862,125.27,114.69,138619,0.10099625592451252,0
2024-10,광주광역시,1.0,16.42098436980379,31.3,79.39822857776299,119.25876288659794,61.13916856106862,125.27,114.69,22065,0.04532064355313845,0
2024-10,경상북도,4.0,16.42098436980379,31.3,79.39822857776299,119.25876288659794,61.13916856106862,125.27,114.69,54980,0.07275372862859222,0
2024-10,충청남도,1.0,16.42098436980379,31.3,79.39822857776299,119.25876288659794,61.13916856106862,125.27,114.69,42097,0.02375466185238853,0
2024-10,충청북도,0.0,16.42098436980379,31.3,79.39822857776299,119.25876288659794,61.13916856106862,125.27,114.69,31440,0.0,0
2024-10,전북특별자치도,1.0,16.42098436980379,31.3,79.39822857776299,119.25876288659794,61.13916856106862,125.27,114.69,31373,0.031874541803461574,0
2024-10,전라남도,6.0,16.42098436980379,31.3,79.39822857776299,119.25876288659794,61.13916856106862,125.27,114.69,37127,0.1616074554906133,0
2024-10,세종특별자치시,0.0,16.42098436980379,31.3,79.39822857776299,119.25876288659794,61.13916856106862,125.27,114.69,4829,0.0,0
2024-11,대전광역시,5.0,10.08730810249118,25.5,71.56051190899396,73.0721649484536,51.50983011087168,119.0,114.4,23164,0.21585218442410636,1
2024-11,강원특별자치도,1.0,10.08730810249118,25.5,71.56051190899396,73.0721649484536,51.50983011087168,119.0,114.4,43926,0.02276556026043801,0
2024-11,대구광역시,1.0,10.08730810249118,25.5,71.56051190899396,73.0721649484536,51.50983011087168,119.0,114.4,37976,0.026332420476090163,0
2024-11,제주특별자치도,0.0,10.08730810249118,25.5,71.56051190899396,73.0721649484536,51.50983011087168,119.0,114.4,24251,0.0,0
2024-11,울산광역시,0.0,10.08730810249118,25.5,71.56051190899396,73.0721649484536,51.50983011087168,119.0,114.4,19964,0.0,0
2024-11,경상남도,9.0,10.08730810249118,25.5,71.56051190899396,73.0721649484536,51.50983011087168,119.0,114.4,67454,0.13342425949535983,0
2024-11,경기도,13.0,10.08730810249118,25.5,71.56051190899396,73.0721649484536,51.50983011087168,119.0,114.4,183285,0.07092779005374145,0
2024-11,부산광역시,19.0,10.08730810249118,25.5,71.56051190899396,73.0721649484536,51.50983011087168,119.0,114.4,55922,0.33975894996602407,1
2024-11,인천광역시,76.0,10.08730810249118,25.5,71.56051190899396,73.0721649484536,51.50983011087168,119.0,114.4,41726,1.8214063174040167,1
2024-11,서울특별시,5.0,10.08730810249118,25.5,71.56051190899396,73.0721649484536,51.50983011087168,119.0,114.4,138619,0.03607009140161161,0
2024-11,광주광역시,1.0,10.08730810249118,25.5,71.56051190899396,73.0721649484536,51.50983011087168,119.0,114.4,22065,0.04532064355313845,0
2024-11,경상북도,7.0,10.08730810249118,25.5,71.56051190899396,73.0721649484536,51.50983011087168,119.0,114.4,54980,0.12731902510003637,0
2024-11,충청남도,3.0,10.08730810249118,25.5,71.56051190899396,73.0721649484536,51.50983011087168,119.0,114.4,42097,0.0712639855571656,0
2024-11,충청북도,0.0,10.08730810249118,25.5,71.56051190899396,73.0721649484536,51.50983011087168,119.0,114.4,31440,0.0,0
2024-11,전북특별자치도,153.0,10.08730810249118,25.5,71.56051190899396,73.0721649484536,51.50983011087168,119.0,114.4,31373,4.87680489592962,1
2024-11,전라남도,3.0,10.08730810249118,25.5,71.56051190899396,73.0721649484536,51.50983011087168,119.0,114.4,37127,0.08080372774530666,0
2024-11,세종특별자치시,1.0,10.08730810249118,25.5,71.56051190899396,73.0721649484536,51.50983011087168,119.0,114.4,4829,0.2070822116380203,1
2024-12,대전광역시,2.0,2.2596239726352794,20.9,60.05477488345,8.16082474226804,40.892561338146805,122.32,114.91,23164,0.08634087376964256,0
2024-12,강원특별자치도,1.0,2.2596239726352794,20.9,60.05477488345,8.16082474226804,40.892561338146805,122.32,114.91,43926,0.02276556026043801,0
2024-12,대구광역시,5.0,2.2596239726352794,20.9,60.05477488345,8.16082474226804,40.892561338146805,122.32,114.91,37976,0.13166210238045079,0
2024-12,제주특별자치도,0.0,2.2596239726352794,20.9,60.05477488345,8.16082474226804,40.892561338146805,122.32,114.91,24251,0.0,0
2024-12,울산광역시,0.0,2.2596239726352794,20.9,60.05477488345,8.16082474226804,40.892561338146805,122.32,114.91,19964,0.0,0
2024-12,경상남도,18.0,2.2596239726352794,20.9,60.05477488345,8.16082474226804,40.892561338146805,122.32,114.91,67454,0.26684851899071965,1
2024-12,경기도,43.0,2.2596239726352794,20.9,60.05477488345,8.16082474226804,40.892561338146805,122.32,114.91,183285,0.23460730556237555,1
2024-12,부산광역시,5.0,2.2596239726352794,20.9,60.05477488345,8.16082474226804,40.892561338146805,122.32,114.91,55922,0.08941024999105898,0
2024-12,인천광역시,4.0,2.2596239726352794,20.9,60.05477488345,8.16082474226804,40.892561338146805,122.32,114.91,41726,0.09586349038968509,0
2024-12,서울특별시,10.0,2.2596239726352794,20.9,60.05477488345,8.16082474226804,40.892561338146805,122.32,114.91,138619,0.07214018280322322,0
2024-12,광주광역시,5.0,2.2596239726352794,20.9,60.05477488345,8.16082474226804,40.892561338146805,122.32,114.91,22065,0.22660321776569228,1
2024-12,경상북도,5.0,2.2596239726352794,20.9,60.05477488345,8.16082474226804,40.892561338146805,122.32,114.91,54980,0.09094216078574027,0
2024-12,충청남도,15.0,2.2596239726352794,20.9,60.05477488345,8.16082474226804,40.892561338146805,122.32,114.91,42097,0.35631992778582794,1
2024-12,충청북도,2.0,2.2596239726352794,20.9,60.05477488345,8.16082474226804,40.892561338146805,122.32,114.91,31440,0.06361323155216285,0
2024-12,전북특별자치도,1.0,2.2596239726352794,20.9,60.05477488345,8.16082474226804,40.892561338146805,122.32,114.91,31373,0.031874541803461574,0
2024-12,전라남도,2.0,2.2596239726352794,20.9,60.05477488345,8.16082474226804,40.892561338146805,122.32,114.91,37127,0.05386915183020443,0
2024-12,세종특별자치시,0.0,2.2596239726352794,20.9,60.05477488345,8.16082474226804,40.892561338146805,122.32,114.91,4829,0.0,0
2025-01,대전광역시,0.0,0.2402023483666317,16.0,63.17346673264887,17.656701030927834,37.60077504162818,125.01,115.71,23164,0.0,0
2025-01,강원특별자치도,0.0,0.2402023483666317,16.0,63.17346673264887,17.656701030927834,37.60077504162818,125.01,115.71,43926,0.0,0
2025-01,대구광역시,9.0,0.2402023483666317,16.0,63.17346673264887,17.656701030927834,37.60077504162818,125.01,115.71,37976,0.23699178428481144,1
2025-01,제주특별자치도,2.0,0.2402023483666317,16.0,63.17346673264887,17.656701030927834,37.60077504162818,125.01,115.71,24251,0.08247082594532185,0
2025-01,울산광역시,3.0,0.2402023483666317,16.0,63.17346673264887,17.656701030927834,37.60077504162818,125.01,115.71,19964,0.15027048687637748,0
2025-01,경상남도,20.0,0.2402023483666317,16.0,63.17346673264887,17.656701030927834,37.60077504162818,125.01,115.71,67454,0.29649835443413286,1
2025-01,경기도,37.0,0.2402023483666317,16.0,63.17346673264887,17.656701030927834,37.60077504162818,125.01,115.71,183285,0.20187140246064872,1
2025-01,부산광역시,5.0,0.2402023483666317,16.0,63.17346673264887,17.656701030927834,37.60077504162818,125.01,115.71,55922,0.08941024999105898,0
2025-01,인천광역시,1.0,0.2402023483666317,16.0,63.17346673264887,17.656701030927834,37.60077504162818,125.01,115.71,41726,0.02396587259742127,0
2025-01,서울특별시,9.0,0.2402023483666317,16.0,63.17346673264887,17.656701030927834,37.60077504162818,125.01,115.71,138619,0.0649261645229009,0
2025-01,광주광역시,1.0,0.2402023483666317,16.0,63.17346673264887,17.656701030927834,37.60077504162818,125.01,115.71,22065,0.04532064355313845,0
2025-01,경상북도,2.0,0.2402023483666317,16.0,63.17346673264887,17.656701030927834,37.60077504162818,125.01,115.71,54980,0.03637686431429611,0
2025-01,충청남도,20.0,0.2402023483666317,16.0,63.17346673264887,17.656701030927834,37.60077504162818,125.01,115.71,42097,0.4750932370477706,1
2025-01,충청북도,0.0,0.2402023483666317,16.0,63.17346673264887,17.656701030927834,37.60077504162818,125.01,115.71,31440,0.0,0
2025-01,전북특별자치도,0.0,0.2402023483666317,16.0,63.17346673264887,17.656701030927834,37.60077504162818,125.01,115.71,31373,0.0,0
2025-01,전라남도,0.0,0.2402023483666317,16.0,63.17346673264887,17.656701030927834,37.60077504162818,125.01,115.71,37127,0.0,0
2025-01,세종특별자치시,0.0,0.2402023483666317,16.0,63.17346673264887,17.656701030927834,37.60077504162818,125.01,115.71,4829,0.0,0
2025-02,대전광역시,0.0,-0.10222297748070941,20.3,56.439862237800384,20.790721649484535,38.141470081779424,127.19,116.08,23164,0.0,0
2025-02,강원특별자치도,3.0,-0.10222297748070941,20.3,56.439862237800384,20.790721649484535,38.141470081779424,127.19,116.08,43926,0.06829668078131403,0
2025-02,대구광역시,0.0,-0.10222297748070941,20.3,56.439862237800384,20.790721649484535,38.141470081779424,127.19,116.08,37976,0.0,0
2025-02,제주특별자치도,0.0,-0.10222297748070941,20.3,56.439862237800384,20.790721649484535,38.141470081779424,127.19,116.08,24251,0.0,0
2025-02,울산광역시,0.0,-0.10222297748070941,20.3,56.439862237800384,20.790721649484535,38.141470081779424,127.19,116.08,19964,0.0,0
2025-02,경상남도,23.0,-0.10222297748070941,20.3,56.439862237800384,20.790721649484535,38.141470081779424,127.19,116.08,67454,0.3409731075992528,1
2025-02,경기도,13.0,-0.10222297748070941,20.3,56.439862237800384,20.790721649484535,38.141470081779424,127.19,116.08,183285,0.07092779005374145,0
2025-02,부산광역시,32.0,-0.10222297748070941,20.3,56.439862237800384,20.790721649484535,38.141470081779424,127.19,116.08,55922,0.5722255999427774,1
2025-02,인천광역시,18.0,-0.10222297748070941,20.3,56.439862237800384,20.790721649484535,38.141470081779424,127.19,116.08,41726,0.4313857067535829,1
2025-02,서울특별시,16.0,-0.10222297748070941,20.3,56.439862237800384,20.790721649484535,38.141470081779424,127.19,116.08,138619,0.11542429248515716,0
2025-02,광주광역시,1.0,-0.10222297748070941,20.3,56.439862237800384,20.790721649484535,38.141470081779424,127.19,116.08,22065,0.04532064355313845,0
2025-02,경상북도,11.0,-0.10222297748070941,20.3,56.439862237800384,20.790721649484535,38.141470081779424,127.19,116.08,54980,0.2000727537286286,1
2025-02,충청남도,1.0,-0.10222297748070941,20.3,56.439862237800384,20.790721649484535,38.141470081779424,127.19,116.08,42097,0.02375466185238853,0
2025-02,충청북도,0.0,-0.10222297748070941,20.3,56.439862237800384,20.790721649484535,38.141470081779424,127.19,116.08,31440,0.0,0
2025-02,전북특별자치도,0.0,-0.10222297748070941,20.3,56.439862237800384,20.790721649484535,38.141470081779424,127.19,116.08,31373,0.0,0
2025-02,전라남도,1.0,-0.10222297748070941,20.3,56.439862237800384,20.790721649484535,38.141470081779424,127.19,116.08,37127,0.026934575915102215,0
2025-02,세종특별자치시,2.0,-0.10222297748070941,20.3,56.439862237800384,20.790721649484535,38.141470081779424,127.19,116.08,4829,0.4141644232760406,1
2025-03,대전광역시,2.0,7.7331666112404385,29.6,61.12064092596203,48.99690721649484,48.30477583011704,127.72,116.29,23164,0.08634087376964256,0
2025-03,강원특별자치도,5.0,7.7331666112404385,29.6,61.12064092596203,48.99690721649484,48.30477583011704,127.72,116.29,43926,0.11382780130219006,0
2025-03,대구광역시,10.0,7.7331666112404385,29.6,61.12064092596203,48.99690721649484,48.30477583011704,127.72,116.29,37976,0.26332420476090157,1
2025-03,제주특별자치도,1.0,7.7331666112404385,29.6,61.12064092596203,48.99690721649484,48.30477583011704,127.72,116.29,24251,0.04123541297266092,0
2025-03,울산광역시,0.0,7.7331666112404385,29.6,61.12064092596203,48.99690721649484,48.30477583011704,127.72,116.29,19964,0.0,0
2025-03,경상남도,25.0,7.7331666112404385,29.6,61.12064092596203,48.99690721649484,48.30477583011704,127.72,116.29,67454,0.37062294304266613,1
2025-03,경기도,20.0,7.7331666112404385,29.6,61.12064092596203,48.99690721649484,48.30477583011704,127.72,116.29,183285,0.10911967700575606,0
2025-03,부산광역시,7.0,7.7331666112404385,29.6,61.12064092596203,48.99690721649484,48.30477583011704,127.72,116.29,55922,0.12517434998748259,0
2025-03,인천광역시,1.0,7.7331666112404385,29.6,61.12064092596203,48.99690721649484,48.30477583011704,127.72,116.29,41726,0.02396587259742127,0
2025-03,서울특별시,13.0,7.7331666112404385,29.6,61.12064092596203,48.99690721649484,48.30477583011704,127.72,116.29,138619,0.09378223764419019,0
2025-03,광주광역시,4.0,7.7331666112404385,29.6,61.12064092596203,48.99690721649484,48.30477583011704,127.72,116.29,22065,0.1812825742125538,1
2025-03,경상북도,3.0,7.7331666112404385,29.6,61.12064092596203,48.99690721649484,48.30477583011704,127.72,116.29,54980,0.05456529647144416,0
2025-03,충청남도,45.0,7.7331666112404385,29.6,61.12064092596203,48.99690721649484,48.30477583011704,127.72,116.29,42097,1.068959783357484,1
2025-03,충청북도,0.0,7.7331666112404385,29.6,61.12064092596203,48.99690721649484,48.30477583011704,127.72,116.29,31440,0.0,0
2025-03,전북특별자치도,10.0,7.7331666112404385,29.6,61.12064092596203,48.99690721649484,48.30477583011704,127.72,116.29,31373,0.31874541803461576,1
2025-03,전라남도,1.0,7.7331666112404385,29.6,61.12064092596203,48.99690721649484,48.30477583011704,127.72,116.29,37127,0.026934575915102215,0
2025-03,세종특별자치시,0.0,7.7331666112404385,29.6,61.12064092596203,48.99690721649484,48.30477583011704,127.72,116.29,4829,0.0,0
2025-04,대전광역시,1.0,13.105807560137457,30.7,62.29924889543447,69.22474226804124,56.031464941879086,125.4,116.38,23164,0.04317043688482128,0
2025-04,강원특별자치도,1.0,13.105807560137457,30.7,62.29924889543447,69.22474226804124,56.031464941879086,125.4,116.38,43926,0.02276556026043801,0
2025-04,대구광역시,5.0,13.105807560137457,30.7,62.29924889543447,69.22474226804124,56.031464941879086,125.4,116.38,37976,0.13166210238045079,0
2025-04,제주특별자치도,0.0,13.105807560137457,30.7,62.29924889543447,69.22474226804124,56.031464941879086,125.4,116.38,24251,0.0,0
2025-04,울산광역시,5.0,13.105807560137457,30.7,62.29924889543447,69.22474226804124,56.031464941879086,125.4,116.38,19964,0.25045081146062914,1
2025-04,경상남도,4.0,13.105807560137457,30.7,62.29924889543447,69.22474226804124,56.031464941879086,125.4,116.38,67454,0.059299670886826576,0
2025-04,경기도,65.0,13.105807560137457,30.7,62.29924889543447,69.22474226804124,56.031464941879086,125.4,116.38,183285,0.3546389502687072,1
2025-04,부산광역시,13.0,13.105807560137457,30.7,62.29924889543447,69.22474226804124,56.031464941879086,125.4,116.38,55922,0.23246664997675334,1
2025-04,인천광역시,2.0,13.105807560137457,30.7,62.29924889543447,69.22474226804124,56.031464941879086,125.4,116.38,41726,0.04793174519484254,0
2025-04,서울특별시,8.0,13.105807560137457,30.7,62.29924889543447,69.22474226804124,56.031464941879086,125.4,116.38,138619,0.05771214624257858,0
2025-04,광주광역시,2.0,13.105807560137457,30.7,62.29924889543447,69.22474226804124,56.031464941879086,125.4,116.38,22065,0.0906412871062769,0
2025-04,경상북도,1.0,13.105807560137457,30.7,62.29924889543447,69.22474226804124,56.031464941879086,125.4,116.38,54980,0.018188432157148056,0
2025-04,충청남도,2.0,13.105807560137457,30.7,62.29924889543447,69.22474226804124,56.031464941879086,125.4,116.38,42097,0.04750932370477706,0
2025-04,충청북도,0.0,13.105807560137457,30.7,62.29924889543447,69.22474226804124,56.031464941879086,125.4,116.38,31440,0.0,0
2025-04,전북특별자치도,0.0,13.105807560137457,30.7,62.29924889543447,69.22474226804124,56.031464941879086,125.4,116.38,31373,0.0,0
2025-04,전라남도,1.0,13.105807560137457,30.7,62.29924889543447,69.22474226804124,56.031464941879086,125.4,116.38,37127,0.026934575915102215,0
2025-04,세종특별자치시,2.0,13.105807560137457,30.7,62.29924889543447,69.22474226804124,56.031464941879086,125.4,116.38,4829,0.4141644232760406,1
2025-05,대전광역시,2.0,16.785075237691146,33.7,72.05900431833112,119.31958762886597,61.52183005617762,122.08,116.27,23164,0.08634087376964256,0
2025-05,강원특별자치도,9.0,16.785075237691146,33.7,72.05900431833112,119.31958762886597,61.52183005617762,122.08,116.27,43926,0.20489004234394206,1
2025-05,대구광역시,9.0,16.785075237691146,33.7,72.05900431833112,119.31958762886597,61.52183005617762,122.08,116.27,37976,0.23699178428481144,1
2025-05,제주특별자치도,0.0,16.785075237691146,33.7,72.05900431833112,119.31958762886597,61.52183005617762,122.08,116.27,24251,0.0,0
2025-05,울산광역시,1.0,16.785075237691146,33.7,72.05900431833112,119.31958762886597,61.52183005617762,122.08,116.27,19964,0.050090162292125824,0
2025-05,경상남도,2.0,16.785075237691146,33.7,72.05900431833112,119.31958762886597,61.52183005617762,122.08,116.27,67454,0.029649835443413288,0
2025-05,경기도,47.0,16.785075237691146,33.7,72.05900431833112,119.31958762886597,61.52183005617762,122.08,116.27,183285,0.25643124096352676,1
2025-05,부산광역시,5.0,16.785075237691146,33.7,72.05900431833112,119.31958762886597,61.52183005617762,122.08,116.27,55922,0.08941024999105898,0
2025-05,인천광역시,2.0,16.785075237691146,33.7,72.05900431833112,119.31958762886597,61.52183005617762,122.08,116.27,41726,0.04793174519484254,0
2025-05,서울특별시,11.0,16.785075237691146,33.7,72.05900431833112,119.31958762886597,61.52183005617762,122.08,116.27,138619,0.07935420108354554,0
2025-05,광주광역시,4.0,16.785075237691146,33.7,72.05900431833112,119.31958762886597,61.52183005617762,122.08,116.27,22065,0.1812825742125538,1
2025-05,경상북도,3.0,16.785075237691146,33.7,72.05900431833112,119.31958762886597,61.52183005617762,122.08,116.27,54980,0.05456529647144416,0
2025-05,충청남도,1.0,16.785075237691146,33.7,72.05900431833112,119.31958762886597,61.52183005617762,122.08,116.27,42097,0.02375466185238853,0
2025-05,충청북도,3.0,16.785075237691146,33.7,72.05900431833112,119.31958762886597,61.52183005617762,122.08,116.27,31440,0.09541984732824427,0
2025-05,전북특별자치도,67.0,16.785075237691146,33.7,72.05900431833112,119.31958762886597,61.52183005617762,122.08,116.27,31373,2.1355943008319254,1
2025-05,전라남도,5.0,16.785075237691146,33.7,72.05900431833112,119.31958762886597,61.52183005617762,122.08,116.27,37127,0.13467287957551108,0
2025-05,세종특별자치시,0.0,16.785075237691146,33.7,72.05900431833112,119.31958762886597,61.52183005617762,122.08,116.27,4829,0.0,0
2025-06,대전광역시,7.0,22.858622899726704,37.5,74.18488175647082,183.58453608247424,70.97058460731459,121.31,116.31,23164,0.3021930581937489,1
2025-06,강원특별자치도,1.0,22.858622899726704,37.5,74.18488175647082,183.58453608247424,70.97058460731459,121.31,116.31,43926,0.02276556026043801,0
2025-06,대구광역시,6.0,22.858622899726704,37.5,74.18488175647082,183.58453608247424,70.97058460731459,121.31,116.31,37976,0.15799452285654098,0
2025-06,제주특별자치도,1.0,22.858622899726704,37.5,74.18488175647082,183.58453608247424,70.97058460731459,121.31,116.31,24251,0.04123541297266092,0
2025-06,울산광역시,7.0,22.858622899726704,37.5,74.18488175647082,183.58453608247424,70.97058460731459,121.31,116.31,19964,0.3506311360448808,1
2025-06,경상남도,5.0,22.858622899726704,37.5,74.18488175647082,183.58453608247424,70.97058460731459,121.31,116.31,67454,0.07412458860853322,0
2025-06,경기도,49.0,22.858622899726704,37.5,74.18488175647082,183.58453608247424,70.97058460731459,121.31,116.31,183285,0.2673432086641023,1
2025-06,부산광역시,12.0,22.858622899726704,37.5,74.18488175647082,183.58453608247424,70.97058460731459,121.31,116.31,55922,0.21458459997854154,1
2025-06,인천광역시,5.0,22.858622899726704,37.5,74.18488175647082,183.58453608247424,70.97058460731459,121.31,116.31,41726,0.11982936298710636,0
2025-06,서울특별시,20.0,22.858622899726704,37.5,74.18488175647082,183.58453608247424,70.97058460731459,121.31,116.31,138619,0.14428036560644644,0
2025-06,광주광역시,24.0,22.858622899726704,37.5,74.18488175647082,183.58453608247424,70.97058460731459,121.31,116.31,22065,1.087695445275323,1
2025-06,경상북도,5.0,22.858622899726704,37.5,74.18488175647082,183.58453608247424,70.97058460731459,121.31,116.31,54980,0.09094216078574027,0
2025-06,충청남도,1.0,22.858622899726704,37.5,74.18488175647082,183.58453608247424,70.97058460731459,121.31,116.31,42097,0.02375466185238853,0
2025-06,충청북도,1.0,22.858622899726704,37.5,74.18488175647082,183.58453608247424,70.97058460731459,121.31,116.31,31440,0.031806615776081425,0
2025-06,전북특별자치도,1.0,22.858622899726704,37.5,74.18488175647082,183.58453608247424,70.97058460731459,121.31,116.31,31373,0.031874541803461574,0
2025-06,전라남도,4.0,22.858622899726704,37.5,74.18488175647082,183.58453608247424,70.97058460731459,121.31,116.31,37127,0.10773830366040886,0
2025-06,세종특별자치시,0.0,22.858622899726704,37.5,74.18488175647082,183.58453608247424,70.97058460731459,121.31,116.31,4829,0.0,0
2025-07,대전광역시,0.0,27.13806291067968,39.2,76.69659774050857,247.80721649484536,77.75407159005208,123.16,116.52,23164,0.0,0
2025-07,강원특별자치도,1.0,27.13806291067968,39.2,76.69659774050857,247.80721649484536,77.75407159005208,123.16,116.52,43926,0.02276556026043801,0
2025-07,대구광역시,6.0,27.13806291067968,39.2,76.69659774050857,247.80721649484536,77.75407159005208,123.16,116.52,37976,0.15799452285654098,0
2025-07,제주특별자치도,4.0,27.13806291067968,39.2,76.69659774050857,247.80721649484536,77.75407159005208,123.16,116.52,24251,0.1649416518906437,0
2025-07,울산광역시,1.0,27.13806291067968,39.2,76.69659774050857,247.80721649484536,77.75407159005208,123.16,116.52,19964,0.050090162292125824,0
2025-07,경상남도,2.0,27.13806291067968,39.2,76.69659774050857,247.80721649484536,77.75407159005208,123.16,116.52,67454,0.029649835443413288,0
2025-07,경기도,47.0,27.13806291067968,39.2,76.69659774050857,247.80721649484536,77.75407159005208,123.16,116.52,183285,0.25643124096352676,1
2025-07,부산광역시,20.0,27.13806291067968,39.2,76.69659774050857,247.80721649484536,77.75407159005208,123.16,116.52,55922,0.35764099996423593,1
2025-07,인천광역시,1.0,27.13806291067968,39.2,76.69659774050857,247.80721649484536,77.75407159005208,123.16,116.52,41726,0.02396587259742127,0
2025-07,서울특별시,18.0,27.13806291067968,39.2,76.69659774050857,247.80721649484536,77.75407159005208,123.16,116.52,138619,0.1298523290458018,0
2025-07,광주광역시,1.0,27.13806291067968,39.2,76.69659774050857,247.80721649484536,77.75407159005208,123.16,116.52,22065,0.04532064355313845,0
2025-07,경상북도,5.0,27.13806291067968,39.2,76.69659774050857,247.80721649484536,77.75407159005208,123.16,116.52,54980,0.09094216078574027,0
2025-07,충청남도,1.0,27.13806291067968,39.2,76.69659774050857,247.80721649484536,77.75407159005208,123.16,116.52,42097,0.02375466185238853,0
2025-07,충청북도,1.0,27.13806291067968,39.2,76.69659774050857,247.80721649484536,77.75407159005208,123.16,116.52,31440,0.031806615776081425,0
2025-07,전북특별자치도,37.0,27.13806291067968,39.2,76.69659774050857,247.80721649484536,77.75407159005208,123.16,116.52,31373,1.1793580467280784,1
2025-07,전라남도,0.0,27.13806291067968,39.2,76.69659774050857,247.80721649484536,77.75407159005208,123.16,116.52,37127,0.0,0
2025-07,세종특별자치시,0.0,27.13806291067968,39.2,76.69659774050857,247.80721649484536,77.75407159005208,123.16,116.52,4829,0.0,0
2025-08,대전광역시,0.0,27.25613338990631,38.7,80.51461188261872,183.68144329896904,78.49616926828206,129.02,116.45,23164,0.0,0
2025-08,강원특별자치도,0.0,27.25613338990631,38.7,80.51461188261872,183.68144329896904,78.49616926828206,129.02,116.45,43926,0.0,0
2025-08,대구광역시,2.0,27.25613338990631,38.7,80.51461188261872,183.68144329896904,78.49616926828206,129.02,116.45,37976,0.052664840952180325,0
2025-08,제주특별자치도,1.0,27.25613338990631,38.7,80.51461188261872,183.68144329896904,78.49616926828206,129.02,116.45,24251,0.04123541297266092,0
2025-08,울산광역시,2.0,27.25613338990631,38.7,80.51461188261872,183.68144329896904,78.49616926828206,129.02,116.45,19964,0.10018032458425165,0
2025-08,경상남도,1.0,27.25613338990631,38.7,80.51461188261872,183.68144329896904,78.49616926828206,129.02,116.45,67454,0.014824917721706644,0
2025-08,경기도,16.0,27.25613338990631,38.7,80.51461188261872,183.68144329896904,78.49616926828206,129.02,116.45,183285,0.08729574160460485,0
2025-08,부산광역시,1.0,27.25613338990631,38.7,80.51461188261872,183.68144329896904,78.49616926828206,129.02,116.45,55922,0.017882049998211795,0
2025-08,인천광역시,3.0,27.25613338990631,38.7,80.51461188261872,183.68144329896904,78.49616926828206,129.02,116.45,41726,0.07189761779226382,0
2025-08,서울특별시,15.0,27.25613338990631,38.7,80.51461188261872,183.68144329896904,78.49616926828206,129.02,116.45,138619,0.10821027420483484,0
2025-08,광주광역시,0.0,27.25613338990631,38.7,80.51461188261872,183.68144329896904,78.49616926828206,129.02,116.45,22065,0.0,0
2025-08,경상북도,3.0,27.25613338990631,38.7,80.51461188261872,183.68144329896904,78.49616926828206,129.02,116.45,54980,0.05456529647144416,0
2025-08,충청남도,1.0,27.25613338990631,38.7,80.51461188261872,183.68144329896904,78.49616926828206,129.02,116.45,42097,0.02375466185238853,0
2025-08,충청북도,1.0,27.25613338990631,38.7,80.51461188261872,183.68144329896904,78.49616926828206,129.02,116.45,31440,0.031806615776081425,0
2025-08,전북특별자치도,34.0,27.25613338990631,38.7,80.51461188261872,183.68144329896904,78.49616926828206,129.02,116.45,31373,1.0837344213176936,1
2025-08,전라남도,2.0,27.25613338990631,38.7,80.51461188261872,183.68144329896904,78.49616926828206,129.02,116.45,37127,0.05386915183020443,0
2025-08,세종특별자치시,11.0,27.25613338990631,38.7,80.51461188261872,183.68144329896904,78.49616926828206,129.02,116.45,4829,2.277904328018223,1
2025-09,대전광역시,0.0,23.25014812181538,36.3,82.25071216968834,227.48865979381443,72.26859651924399,129.03,117.06,23164,0.0,0
2025-09,강원특별자치도,11.0,23.25014812181538,36.3,82.25071216968834,227.48865979381443,72.26859651924399,129.03,117.06,43926,0.25042116286481814,1
2025-09,대구광역시,0.0,23.25014812181538,36.3,82.25071216968834,227.48865979381443,72.26859651924399,129.03,117.06,37976,0.0,0
2025-09,제주특별자치도,1.0,23.25014812181538,36.3,82.25071216968834,227.48865979381443,72.26859651924399,129.03,117.06,24251,0.04123541297266092,0
2025-09,울산광역시,0.0,23.25014812181538,36.3,82.25071216968834,227.48865979381443,72.26859651924399,129.03,117.06,19964,0.0,0
2025-09,경상남도,9.0,23.25014812181538,36.3,82.25071216968834,227.48865979381443,72.26859651924399,129.03,117.06,67454,0.13342425949535983,0
2025-09,경기도,20.0,23.25014812181538,36.3,82.25071216968834,227.48865979381443,72.26859651924399,129.03,117.06,183285,0.10911967700575606,0
2025-09,부산광역시,2.0,23.25014812181538,36.3,82.25071216968834,227.48865979381443,72.26859651924399,129.03,117.06,55922,0.03576409999642359,0
2025-09,인천광역시,4.0,23.25014812181538,36.3,82.25071216968834,227.48865979381443,72.26859651924399,129.03,117.06,41726,0.09586349038968509,0
2025-09,서울특별시,12.0,23.25014812181538,36.3,82.25071216968834,227.48865979381443,72.26859651924399,129.03,117.06,138619,0.08656821936386787,0
2025-09,광주광역시,4.0,23.25014812181538,36.3,82.25071216968834,227.48865979381443,72.26859651924399,129.03,117.06,22065,0.1812825742125538,1
2025-09,경상북도,2.0,23.25014812181538,36.3,82.25071216968834,227.48865979381443,72.26859651924399,129.03,117.06,54980,0.03637686431429611,0
2025-09,충청남도,0.0,23.25014812181538,36.3,82.25071216968834,227.48865979381443,72.26859651924399,129.03,117.06,42097,0.0,0
2025-09,충청북도,12.0,23.25014812181538,36.3,82.25071216968834,227.48865979381443,72.26859651924399,129.03,117.06,31440,0.38167938931297707,1
2025-09,전북특별자치도,1.0,23.25014812181538,36.3,82.25071216968834,227.48865979381443,72.26859651924399,129.03,117.06,31373,0.031874541803461574,0
2025-09,전라남도,5.0,23.25014812181538,36.3,82.25071216968834,227.48865979381443,72.26859651924399,129.03,117.06,37127,0.13467287957551108,0
2025-09,세종특별자치시,0.0,23.25014812181538,36.3,82.25071216968834,227.48865979381443,72.26859651924399,129.03,117.06,4829,0.0,0
2025-10,대전광역시,0.0,16.917259096590715,32.3,81.0831515353065,170.2505154639175,62.1988525681886,129.18,117.42,23164,0.0,0
2025-10,강원특별자치도,1.0,16.917259096590715,32.3,81.0831515353065,170.2505154639175,62.1988525681886,129.18,117.42,43926,0.02276556026043801,0
2025-10,대구광역시,6.0,16.917259096590715,32.3,81.0831515353065,170.2505154639175,62.1988525681886,129.18,117.42,37976,0.15799452285654098,0
2025-10,제주특별자치도,3.0,16.917259096590715,32.3,81.0831515353065,170.2505154639175,62.1988525681886,129.18,117.42,24251,0.12370623891798277,0
2025-10,울산광역시,0.0,16.917259096590715,32.3,81.0831515353065,170.2505154639175,62.1988525681886,129.18,117.42,19964,0.0,0
2025-10,경상남도,3.0,16.917259096590715,32.3,81.0831515353065,170.2505154639175,62.1988525681886,129.18,117.42,67454,0.04447475316511993,0
2025-10,경기도,11.0,16.917259096590715,32.3,81.0831515353065,170.2505154639175,62.1988525681886,129.18,117.42,183285,0.06001582235316583,0
2025-10,부산광역시,5.0,16.917259096590715,32.3,81.0831515353065,170.2505154639175,62.1988525681886,129.18,117.42,55922,0.08941024999105898,0
2025-10,인천광역시,2.0,16.917259096590715,32.3,81.0831515353065,170.2505154639175,62.1988525681886,129.18,117.42,41726,0.04793174519484254,0
2025-10,서울특별시,10.0,16.917259096590715,32.3,81.0831515353065,170.2505154639175,62.1988525681886,129.18,117.42,138619,0.07214018280322322,0
2025-10,광주광역시,2.0,16.917259096590715,32.3,81.0831515353065,170.2505154639175,62.1988525681886,129.18,117.42,22065,0.0906412871062769,0
2025-10,경상북도,1.0,16.917259096590715,32.3,81.0831515353065,170.2505154639175,62.1988525681886,129.18,117.42,54980,0.018188432157148056,0
2025-10,충청남도,0.0,16.917259096590715,32.3,81.0831515353065,170.2505154639175,62.1988525681886,129.18,117.42,42097,0.0,0
2025-10,충청북도,1.0,16.917259096590715,32.3,81.0831515353065,170.2505154639175,62.1988525681886,129.18,117.42,31440,0.031806615776081425,0
2025-10,전북특별자치도,0.0,16.917259096590715,32.3,81.0831515353065,170.2505154639175,62.1988525681886,129.18,117.42,31373,0.0,0
2025-10,전라남도,5.0,16.917259096590715,32.3,81.0831515353065,170.2505154639175,62.1988525681886,129.18,117.42,37127,0.13467287957551108,0
2025-10,세종특별자치시,0.0,16.917259096590715,32.3,81.0831515353065,170.2505154639175,62.1988525681886,129.18,117.42,4829,0.0,0
2025-11,대전광역시,1.0,8.90574840256319,24.2,67.08322934797162,21.568041237113402,49.88159018896363,125.65,117.2,23164,0.04317043688482128,0
2025-11,강원특별자치도,1.0,8.90574840256319,24.2,67.08322934797162,21.568041237113402,49.88159018896363,125.65,117.2,43926,0.02276556026043801,0
2025-11,대구광역시,15.0,8.90574840256319,24.2,67.08322934797162,21.568041237113402,49.88159018896363,125.65,117.2,37976,0.39498630714135247,1
2025-11,제주특별자치도,0.0,8.90574840256319,24.2,67.08322934797162,21.568041237113402,49.88159018896363,125.65,117.2,24251,0.0,0
2025-11,울산광역시,0.0,8.90574840256319,24.2,67.08322934797162,21.568041237113402,49.88159018896363,125.65,117.2,19964,0.0,0
2025-11,경상남도,3.0,8.90574840256319,24.2,67.08322934797162,21.568041237113402,49.88159018896363,125.65,117.2,67454,0.04447475316511993,0
2025-11,경기도,11.0,8.90574840256319,24.2,67.08322934797162,21.568041237113402,49.88159018896363,125.65,117.2,183285,0.06001582235316583,0
2025-11,부산광역시,7.0,8.90574840256319,24.2,67.08322934797162,21.568041237113402,49.88159018896363,125.65,117.2,55922,0.12517434998748259,0
2025-11,인천광역시,5.0,8.90574840256319,24.2,67.08322934797162,21.568041237113402,49.88159018896363,125.65,117.2,41726,0.11982936298710636,0
2025-11,서울특별시,15.0,8.90574840256319,24.2,67.08322934797162,21.568041237113402,49.88159018896363,125.65,117.2,138619,0.10821027420483484,0
2025-11,광주광역시,11.0,8.90574840256319,24.2,67.08322934797162,21.568041237113402,49.88159018896363,125.65,117.2,22065,0.49852707908452304,1
2025-11,경상북도,0.0,8.90574840256319,24.2,67.08322934797162,21.568041237113402,49.88159018896363,125.65,117.2,54980,0.0,0
2025-11,충청남도,5.0,8.90574840256319,24.2,67.08322934797162,21.568041237113402,49.88159018896363,125.65,117.2,42097,0.11877330926194266,0
2025-11,충청북도,3.0,8.90574840256319,24.2,67.08322934797162,21.568041237113402,49.88159018896363,125.65,117.2,31440,0.09541984732824427,0
2025-11,전북특별자치도,2.0,8.90574840256319,24.2,67.08322934797162,21.568041237113402,49.88159018896363,125.65,117.2,31373,0.06374908360692315,0
2025-11,전라남도,6.0,8.90574840256319,24.2,67.08322934797162,21.568041237113402,49.88159018896363,125.65,117.2,37127,0.1616074554906133,0
2025-11,세종특별자치시,0.0,8.90574840256319,24.2,67.08322934797162,21.568041237113402,49.88159018896363,125.65,117.2,4829,0.0,0
2025-12,대전광역시,4.0,2.8309165204561006,22.5,63.65138979396235,25.51958762886598,41.42148908059404,127.34,117.57,23164,0.1726817475392851,1
2025-12,강원특별자치도,0.0,2.8309165204561006,22.5,63.65138979396235,25.51958762886598,41.42148908059404,127.34,117.57,43926,0.0,0
2025-12,대구광역시,6.0,2.8309165204561006,22.5,63.65138979396235,25.51958762886598,41.42148908059404,127.34,117.57,37976,0.15799452285654098,0
2025-12,제주특별자치도,1.0,2.8309165204561006,22.5,63.65138979396235,25.51958762886598,41.42148908059404,127.34,117.57,24251,0.04123541297266092,0
2025-12,울산광역시,0.0,2.8309165204561006,22.5,63.65138979396235,25.51958762886598,41.42148908059404,127.34,117.57,19964,0.0,0
2025-12,경상남도,5.0,2.8309165204561006,22.5,63.65138979396235,25.51958762886598,41.42148908059404,127.34,117.57,67454,0.07412458860853322,0
2025-12,경기도,21.0,2.8309165204561006,22.5,63.65138979396235,25.51958762886598,41.42148908059404,127.34,117.57,183285,0.11457566085604387,0
2025-12,부산광역시,14.0,2.8309165204561006,22.5,63.65138979396235,25.51958762886598,41.42148908059404,127.34,117.57,55922,0.25034869997496517,1
2025-12,인천광역시,1.0,2.8309165204561006,22.5,63.65138979396235,25.51958762886598,41.42148908059404,127.34,117.57,41726,0.02396587259742127,0
2025-12,서울특별시,14.0,2.8309165204561006,22.5,63.65138979396235,25.51958762886598,41.42148908059404,127.34,117.57,138619,0.10099625592451252,0
2025-12,광주광역시,15.0,2.8309165204561006,22.5,63.65138979396235,25.51958762886598,41.42148908059404,127.34,117.57,22065,0.6798096532970768,1
2025-12,경상북도,1.0,2.8309165204561006,22.5,63.65138979396235,25.51958762886598,41.42148908059404,127.34,117.57,54980,0.018188432157148056,0
2025-12,충청남도,2.0,2.8309165204561006,22.5,63.65138979396235,25.51958762886598,41.42148908059404,127.34,117.57,42097,0.04750932370477706,0
2025-12,충청북도,1.0,2.8309165204561006,22.5,63.65138979396235,25.51958762886598,41.42148908059404,127.34,117.57,31440,0.031806615776081425,0
2025-12,전북특별자치도,18.0,2.8309165204561006,22.5,63.65138979396235,25.51958762886598,41.42148908059404,127.34,117.57,31373,0.5737417524623084,1
2025-12,전라남도,2.0,2.8309165204561006,22.5,63.65138979396235,25.51958762886598,41.42148908059404,127.34,117.57,37127,0.05386915183020443,0
2025-12,세종특별자치시,2.0,2.8309165204561006,22.5,63.65138979396235,25.51958762886598,41.42148908059404,127.34,117.57,4829,0.4141644232760406,1
2026-01,대전광역시,2.0,-1.1355248863762333,19.4,53.38536193326683,5.995876288659794,37.281032920297086,128.27,118.03,23164,0.08634087376964256,0
2026-01,강원특별자치도,0.0,-1.1355248863762333,19.4,53.38536193326683,5.995876288659794,37.281032920297086,128.27,118.03,43926,0.0,0
2026-01,대구광역시,4.0,-1.1355248863762333,19.4,53.38536193326683,5.995876288659794,37.281032920297086,128.27,118.03,37976,0.10532968190436065,0
2026-01,제주특별자치도,0.0,-1.1355248863762333,19.4,53.38536193326683,5.995876288659794,37.281032920297086,128.27,118.03,24251,0.0,0
2026-01,울산광역시,4.0,-1.1355248863762333,19.4,53.38536193326683,5.995876288659794,37.281032920297086,128.27,118.03,19964,0.2003606491685033,1
2026-01,경상남도,4.0,-1.1355248863762333,19.4,53.38536193326683,5.995876288659794,37.281032920297086,128.27,118.03,67454,0.059299670886826576,0
2026-01,경기도,9.0,-1.1355248863762333,19.4,53.38536193326683,5.995876288659794,37.281032920297086,128.27,118.03,183285,0.04910385465259023,0
2026-01,부산광역시,55.0,-1.1355248863762333,19.4,53.38536193326683,5.995876288659794,37.281032920297086,128.27,118.03,55922,0.9835127499016488,1
2026-01,인천광역시,3.0,-1.1355248863762333,19.4,53.38536193326683,5.995876288659794,37.281032920297086,128.27,118.03,41726,0.07189761779226382,0
2026-01,서울특별시,21.0,-1.1355248863762333,19.4,53.38536193326683,5.995876288659794,37.281032920297086,128.27,118.03,138619,0.15149438388676875,0
2026-01,광주광역시,4.0,-1.1355248863762333,19.4,53.38536193326683,5.995876288659794,37.281032920297086,128.27,118.03,22065,0.1812825742125538,1
2026-01,경상북도,14.0,-1.1355248863762333,19.4,53.38536193326683,5.995876288659794,37.281032920297086,128.27,118.03,54980,0.25463805020007274,1
2026-01,충청남도,2.0,-1.1355248863762333,19.4,53.38536193326683,5.995876288659794,37.281032920297086,128.27,118.03,42097,0.04750932370477706,0
2026-01,충청북도,5.0,-1.1355248863762333,19.4,53.38536193326683,5.995876288659794,37.281032920297086,128.27,118.03,31440,0.15903307888040713,0
2026-01,전북특별자치도,1.0,-1.1355248863762333,19.4,53.38536193326683,5.995876288659794,37.281032920297086,128.27,118.03,31373,0.031874541803461574,0
2026-01,전라남도,1.0,-1.1355248863762333,19.4,53.38536193326683,5.995876288659794,37.281032920297086,128.27,118.03,37127,0.026934575915102215,0
2026-01,세종특별자치시,0.0,-1.1355248863762333,19.4,53.38536193326683,5.995876288659794,37.281032920297086,128.27,118.03,4829,0.0,0
2026-02,대전광역시,4.0,2.999503681885125,24.0,59.11129602356406,20.72680412371134,42.12641637472754,129.37,118.4,23164,0.1726817475392851,1
2026-02,강원특별자치도,4.0,2.999503681885125,24.0,59.11129602356406,20.72680412371134,42.12641637472754,129.37,118.4,43926,0.09106224104175203,0
2026-02,대구광역시,16.0,2.999503681885125,24.0,59.11129602356406,20.72680412371134,42.12641637472754,129.37,118.4,37976,0.4213187276174426,1
2026-02,제주특별자치도,1.0,2.999503681885125,24.0,59.11129602356406,20.72680412371134,42.12641637472754,129.37,118.4,24251,0.04123541297266092,0
2026-02,울산광역시,1.0,2.999503681885125,24.0,59.11129602356406,20.72680412371134,42.12641637472754,129.37,118.4,19964,0.050090162292125824,0
2026-02,경상남도,7.0,2.999503681885125,24.0,59.11129602356406,20.72680412371134,42.12641637472754,129.37,118.4,67454,0.1037744240519465,0
2026-02,경기도,10.0,2.999503681885125,24.0,59.11129602356406,20.72680412371134,42.12641637472754,129.37,118.4,183285,0.05455983850287803,0
2026-02,부산광역시,7.0,2.999503681885125,24.0,59.11129602356406,20.72680412371134,42.12641637472754,129.37,118.4,55922,0.12517434998748259,0
2026-02,인천광역시,3.0,2.999503681885125,24.0,59.11129602356406,20.72680412371134,42.12641637472754,129.37,118.4,41726,0.07189761779226382,0
2026-02,서울특별시,13.0,2.999503681885125,24.0,59.11129602356406,20.72680412371134,42.12641637472754,129.37,118.4,138619,0.09378223764419019,0
2026-02,광주광역시,1.0,2.999503681885125,24.0,59.11129602356406,20.72680412371134,42.12641637472754,129.37,118.4,22065,0.04532064355313845,0
2026-02,경상북도,4.0,2.999503681885125,24.0,59.11129602356406,20.72680412371134,42.12641637472754,129.37,118.4,54980,0.07275372862859222,0
2026-02,충청남도,2.0,2.999503681885125,24.0,59.11129602356406,20.72680412371134,42.12641637472754,129.37,118.4,42097,0.04750932370477706,0
2026-02,충청북도,1.0,2.999503681885125,24.0,59.11129602356406,20.72680412371134,42.12641637472754,129.37,118.4,31440,0.031806615776081425,0
2026-02,전북특별자치도,4.0,2.999503681885125,24.0,59.11129602356406,20.72680412371134,42.12641637472754,129.37,118.4,31373,0.1274981672138463,0
2026-02,전라남도,0.0,2.999503681885125,24.0,59.11129602356406,20.72680412371134,42.12641637472754,129.37,118.4,37127,0.0,0
2026-02,세종특별자치시,0.0,2.999503681885125,24.0,59.11129602356406,20.72680412371134,42.12641637472754,129.37,118.4,4829,0.0,0
2026-03,대전광역시,6.0,7.568370958185689,25.3,63.85303497968342,67.8298969072165,48.01873224613504,126.95,118.8,23164,0.2590226213089276,1
2026-03,강원특별자치도,3.0,7.568370958185689,25.3,63.85303497968342,67.8298969072165,48.01873224613504,126.95,118.8,43926,0.06829668078131403,0
2026-03,대구광역시,22.0,7.568370958185689,25.3,63.85303497968342,67.8298969072165,48.01873224613504,126.95,118.8,37976,0.5793132504739836,1
2026-03,제주특별자치도,0.0,7.568370958185689,25.3,63.85303497968342,67.8298969072165,48.01873224613504,126.95,118.8,24251,0.0,0
2026-03,울산광역시,8.0,7.568370958185689,25.3,63.85303497968342,67.8298969072165,48.01873224613504,126.95,118.8,19964,0.4007212983370066,1
2026-03,경상남도,9.0,7.568370958185689,25.3,63.85303497968342,67.8298969072165,48.01873224613504,126.95,118.8,67454,0.13342425949535983,0
2026-03,경기도,27.0,7.568370958185689,25.3,63.85303497968342,67.8298969072165,48.01873224613504,126.95,118.8,183285,0.14731156395777067,0
2026-03,부산광역시,33.0,7.568370958185689,25.3,63.85303497968342,67.8298969072165,48.01873224613504,126.95,118.8,55922,0.5901076499409893,1
2026-03,인천광역시,5.0,7.568370958185689,25.3,63.85303497968342,67.8298969072165,48.01873224613504,126.95,118.8,41726,0.11982936298710636,0
2026-03,서울특별시,10.0,7.568370958185689,25.3,63.85303497968342,67.8298969072165,48.01873224613504,126.95,118.8,138619,0.07214018280322322,0
2026-03,광주광역시,4.0,7.568370958185689,25.3,63.85303497968342,67.8298969072165,48.01873224613504,126.95,118.8,22065,0.1812825742125538,1
2026-03,경상북도,5.0,7.568370958185689,25.3,63.85303497968342,67.8298969072165,48.01873224613504,126.95,118.8,54980,0.09094216078574027,0
2026-03,충청남도,63.0,7.568370958185689,25.3,63.85303497968342,67.8298969072165,48.01873224613504,126.95,118.8,42097,1.4965436967004775,1
2026-03,충청북도,1.0,7.568370958185689,25.3,63.85303497968342,67.8298969072165,48.01873224613504,126.95,118.8,31440,0.031806615776081425,0
2026-03,전북특별자치도,5.0,7.568370958185689,25.3,63.85303497968342,67.8298969072165,48.01873224613504,126.95,118.8,31373,0.15937270901730788,0
2026-03,전라남도,3.0,7.568370958185689,25.3,63.85303497968342,67.8298969072165,48.01873224613504,126.95,118.8,37127,0.08080372774530666,0
2026-03,세종특별자치시,1.0,7.568370958185689,25.3,63.85303497968342,67.8298969072165,48.01873224613504,126.95,118.8,4829,0.2070822116380203,1
